<metadata xml:lang="en">
	<Esri>
		<CreaDate>20130419</CreaDate>
		<CreaTime>14344300</CreaTime>
		<ArcGISFormat>1.0</ArcGISFormat>
		<SyncOnce>FALSE</SyncOnce>
		<DataProperties>
			<itemProps>
				<itemName Sync="TRUE">MineralRights</itemName>
				<imsContentType Sync="TRUE">002</imsContentType>
				<itemLocation>
					<linkage Sync="TRUE">file://\\SEDNR-L03V-0BPD\C$\GIS\Brighton\GreatWestern\MineralRights.shp</linkage>
					<protocol Sync="TRUE">Local Area Network</protocol>
				</itemLocation>
				<itemSize Sync="TRUE">0.000</itemSize>
			</itemProps>
			<coordRef>
				<type Sync="TRUE">Projected</type>
				<geogcsn Sync="TRUE">GCS_North_American_1983</geogcsn>
				<csUnits Sync="TRUE">Linear Unit: Meter (1.000000)</csUnits>
				<projcsn Sync="TRUE">NAD_1983_UTM_Zone_12N</projcsn>
				<peXml Sync="TRUE">
					&lt;ProjectedCoordinateSystem xsi:type='typens:ProjectedCoordinateSystem' xmlns:xsi='http://www.w3.org/2001/XMLSchema-instance' xmlns:xs='http://www.w3.org/2001/XMLSchema' xmlns:typens='http://www.esri.com/schemas/ArcGIS/10.1'&gt;&lt;WKT&gt;PROJCS[&amp;quot;NAD_1983_UTM_Zone_12N&amp;quot;,GEOGCS[&amp;quot;GCS_North_American_1983&amp;quot;,DATUM[&amp;quot;D_North_American_1983&amp;quot;,SPHEROID[&amp;quot;GRS_1980&amp;quot;,6378137.0,298.257222101]],PRIMEM[&amp;quot;Greenwich&amp;quot;,0.0],UNIT[&amp;quot;Degree&amp;quot;,0.0174532925199433]],PROJECTION[&amp;quot;Transverse_Mercator&amp;quot;],PARAMETER[&amp;quot;false_easting&amp;quot;,500000.0],PARAMETER[&amp;quot;false_northing&amp;quot;,0.0],PARAMETER[&amp;quot;central_meridian&amp;quot;,-111.0],PARAMETER[&amp;quot;scale_factor&amp;quot;,0.9996],PARAMETER[&amp;quot;latitude_of_origin&amp;quot;,0.0],UNIT[&amp;quot;Meter&amp;quot;,1.0],AUTHORITY[&amp;quot;EPSG&amp;quot;,26912]]&lt;/WKT&gt;&lt;XOrigin&gt;-5120900&lt;/XOrigin&gt;&lt;YOrigin&gt;-9998100&lt;/YOrigin&gt;&lt;XYScale&gt;450445547.3910538&lt;/XYScale&gt;&lt;ZOrigin&gt;-100000&lt;/ZOrigin&gt;&lt;ZScale&gt;10000&lt;/ZScale&gt;&lt;MOrigin&gt;-100000&lt;/MOrigin&gt;&lt;MScale&gt;10000&lt;/MScale&gt;&lt;XYTolerance&gt;0.001&lt;/XYTolerance&gt;&lt;ZTolerance&gt;0.001&lt;/ZTolerance&gt;&lt;MTolerance&gt;0.001&lt;/MTolerance&gt;&lt;HighPrecision&gt;true&lt;/HighPrecision&gt;&lt;WKID&gt;26912&lt;/WKID&gt;&lt;LatestWKID&gt;26912&lt;/LatestWKID&gt;&lt;/ProjectedCoordinateSystem&gt;
				</peXml>
			</coordRef>
			<lineage>
				<Process ToolSource="c:\program files (x86)\arcgis\desktop10.1\ArcToolbox\Toolboxes\Data Management Tools.tbx\CopyFeatures" Date="20130416" Time="094438">CopyFeatures "Great Western Holdings\Polygons" "C:\GIS\Brighton\Great Western Holdings.gdb\Phases\Great_Western_Holdings_Polygons" # 0 0 0</Process>
				<Process ToolSource="c:\program files (x86)\arcgis\desktop10.1\ArcToolbox\Toolboxes\Data Management Tools.tbx\CopyFeatures" Date="20130513" Time="134245">CopyFeatures MineralRights C:\GIS\Brighton\GreatWestern\MineralRights.shp # 0 0 0</Process>
			</lineage>
		</DataProperties>
		<SyncDate>20130513</SyncDate>
		<SyncTime>13424500</SyncTime>
		<ModDate>20130513</ModDate>
		<ModTime>13424500</ModTime>
	</Esri>
	<dataIdInfo>
		<envirDesc Sync="TRUE">Microsoft Windows 7 Version 6.1 (Build 7601) Service Pack 1; Esri ArcGIS 10.1.1.3143</envirDesc>
		<dataLang>
			<languageCode value="eng" Sync="TRUE"></languageCode>
			<countryCode value="USA" Sync="TRUE"></countryCode>
		</dataLang>
		<idCitation>
			<resTitle Sync="TRUE">MineralRights</resTitle>
			<presForm>
				<PresFormCd value="005" Sync="TRUE"></PresFormCd>
			</presForm>
		</idCitation>
		<spatRpType>
			<SpatRepTypCd value="001" Sync="TRUE"></SpatRepTypCd>
		</spatRpType>
	</dataIdInfo>
	<mdLang>
		<languageCode value="eng" Sync="TRUE"></languageCode>
		<countryCode value="USA" Sync="TRUE"></countryCode>
	</mdLang>
	<distInfo>
		<distFormat>
			<formatName Sync="TRUE">Shapefile</formatName>
		</distFormat>
		<distTranOps>
			<transSize Sync="TRUE">0.000</transSize>
		</distTranOps>
	</distInfo>
	<mdHrLv>
		<ScopeCd value="005" Sync="TRUE"></ScopeCd>
	</mdHrLv>
	<mdHrLvName Sync="TRUE">dataset</mdHrLvName>
	<refSysInfo>
		<RefSystem>
			<refSysID>
				<identCode code="26912" Sync="TRUE"></identCode>
				<idCodeSpace Sync="TRUE">EPSG</idCodeSpace>
				<idVersion Sync="TRUE">7.11.2</idVersion>
			</refSysID>
		</RefSystem>
	</refSysInfo>
	<spatRepInfo>
		<VectSpatRep>
			<geometObjs Name="MineralRights">
				<geoObjTyp>
					<GeoObjTypCd value="002" Sync="TRUE"></GeoObjTypCd>
				</geoObjTyp>
				<geoObjCnt Sync="TRUE">0</geoObjCnt>
			</geometObjs>
			<topLvl>
				<TopoLevCd value="001" Sync="TRUE"></TopoLevCd>
			</topLvl>
		</VectSpatRep>
	</spatRepInfo>
	<spdoinfo>
		<ptvctinf>
			<esriterm Name="MineralRights">
				<efeatyp Sync="TRUE">Simple</efeatyp>
				<efeageom code="4" Sync="TRUE"></efeageom>
				<esritopo Sync="TRUE">FALSE</esritopo>
				<efeacnt Sync="TRUE">0</efeacnt>
				<spindex Sync="TRUE">FALSE</spindex>
				<linrefer Sync="TRUE">TRUE</linrefer>
			</esriterm>
		</ptvctinf>
	</spdoinfo>
	<eainfo>
		<detailed Name="MineralRights">
			<enttyp>
				<enttypl Sync="TRUE">MineralRights</enttypl>
				<enttypt Sync="TRUE">Feature Class</enttypt>
				<enttypc Sync="TRUE">0</enttypc>
			</enttyp>
			<attr>
				<attrlabl Sync="TRUE">FID</attrlabl>
				<attalias Sync="TRUE">FID</attalias>
				<attrtype Sync="TRUE">OID</attrtype>
				<attwidth Sync="TRUE">4</attwidth>
				<atprecis Sync="TRUE">0</atprecis>
				<attscale Sync="TRUE">0</attscale>
				<attrdef Sync="TRUE">Internal feature number.</attrdef>
				<attrdefs Sync="TRUE">Esri</attrdefs>
				<attrdomv>
					<udom Sync="TRUE">Sequential unique whole numbers that are automatically generated.</udom>
				</attrdomv>
			</attr>
			<attr>
				<attrlabl Sync="TRUE">Shape</attrlabl>
				<attalias Sync="TRUE">Shape</attalias>
				<attrtype Sync="TRUE">Geometry</attrtype>
				<attwidth Sync="TRUE">0</attwidth>
				<atprecis Sync="TRUE">0</atprecis>
				<attscale Sync="TRUE">0</attscale>
				<attrdef Sync="TRUE">Feature geometry.</attrdef>
				<attrdefs Sync="TRUE">Esri</attrdefs>
				<attrdomv>
					<udom Sync="TRUE">Coordinates defining the features.</udom>
				</attrdomv>
			</attr>
			<attr>
				<attrlabl Sync="TRUE">Phase</attrlabl>
				<attalias Sync="TRUE">Phase</attalias>
				<attrtype Sync="TRUE">String</attrtype>
				<attwidth Sync="TRUE">50</attwidth>
				<atprecis Sync="TRUE">0</atprecis>
				<attscale Sync="TRUE">0</attscale>
			</attr>
			<attr>
				<attrlabl Sync="TRUE">Shape_Leng</attrlabl>
				<attalias Sync="TRUE">Shape_Leng</attalias>
				<attrtype Sync="TRUE">Double</attrtype>
				<attwidth Sync="TRUE">19</attwidth>
				<atprecis Sync="TRUE">0</atprecis>
				<attscale Sync="TRUE">0</attscale>
			</attr>
			<attr>
				<attrlabl Sync="TRUE">Shape_Area</attrlabl>
				<attalias Sync="TRUE">Shape_Area</attalias>
				<attrtype Sync="TRUE">Double</attrtype>
				<attwidth Sync="TRUE">19</attwidth>
				<atprecis Sync="TRUE">0</atprecis>
				<attscale Sync="TRUE">0</attscale>
				<attrdef Sync="TRUE">Area of feature in internal units squared.</attrdef>
				<attrdefs Sync="TRUE">Esri</attrdefs>
				<attrdomv>
					<udom Sync="TRUE">Positive real numbers that are automatically generated.</udom>
				</attrdomv>
			</attr>
		</detailed>
	</eainfo>
	<mdDateSt Sync="TRUE">20130513</mdDateSt>
</metadata>
