{
"type": "FeatureCollection",
"features": [
{ "type": "Feature", "properties": { "Shape_Leng": 121.919937, "Shape_Area": 929.029445 }, "geometry": { "type": "Polygon", "coordinates": [ [ [ -111.588851, 40.582266 ], [ -111.588607, 40.582468 ], [ -111.588342, 40.582282 ], [ -111.588587, 40.582080 ], [ -111.588851, 40.582266 ] ] ] } }
,
{ "type": "Feature", "properties": { "Shape_Leng": 121.919933, "Shape_Area": 929.029372 }, "geometry": { "type": "Polygon", "coordinates": [ [ [ -111.588587, 40.582080 ], [ -111.588342, 40.582282 ], [ -111.588078, 40.582096 ], [ -111.588322, 40.581894 ], [ -111.588587, 40.582080 ] ] ] } }
,
{ "type": "Feature", "properties": { "Shape_Leng": 121.920215, "Shape_Area": 929.033680 }, "geometry": { "type": "Polygon", "coordinates": [ [ [ -111.588322, 40.581894 ], [ -111.588078, 40.582096 ], [ -111.587813, 40.581910 ], [ -111.588057, 40.581708 ], [ -111.588322, 40.581894 ] ] ] } }
,
{ "type": "Feature", "properties": { "Shape_Leng": 121.919645, "Shape_Area": 929.024991 }, "geometry": { "type": "Polygon", "coordinates": [ [ [ -111.585674, 40.580033 ], [ -111.585430, 40.580235 ], [ -111.585165, 40.580049 ], [ -111.585409, 40.579847 ], [ -111.585674, 40.580033 ] ] ] } }
,
{ "type": "Feature", "properties": { "Shape_Leng": 121.920069, "Shape_Area": 929.031453 }, "geometry": { "type": "Polygon", "coordinates": [ [ [ -111.585409, 40.579847 ], [ -111.585165, 40.580049 ], [ -111.584900, 40.579862 ], [ -111.585145, 40.579661 ], [ -111.585409, 40.579847 ] ] ] } }
,
{ "type": "Feature", "properties": { "Shape_Leng": 121.920079, "Shape_Area": 929.031599 }, "geometry": { "type": "Polygon", "coordinates": [ [ [ -111.585145, 40.579661 ], [ -111.584900, 40.579862 ], [ -111.584636, 40.579676 ], [ -111.584880, 40.579474 ], [ -111.585145, 40.579661 ] ] ] } }
,
{ "type": "Feature", "properties": { "Shape_Leng": 121.919933, "Shape_Area": 929.029372 }, "geometry": { "type": "Polygon", "coordinates": [ [ [ -111.584880, 40.579474 ], [ -111.584636, 40.579676 ], [ -111.584371, 40.579490 ], [ -111.584615, 40.579288 ], [ -111.584880, 40.579474 ] ] ] } }
,
{ "type": "Feature", "properties": { "Shape_Leng": 121.919786, "Shape_Area": 929.027145 }, "geometry": { "type": "Polygon", "coordinates": [ [ [ -111.588607, 40.582468 ], [ -111.588363, 40.582670 ], [ -111.588098, 40.582484 ], [ -111.588342, 40.582282 ], [ -111.588607, 40.582468 ] ] ] } }
,
{ "type": "Feature", "properties": { "Shape_Leng": 121.920357, "Shape_Area": 929.035835 }, "geometry": { "type": "Polygon", "coordinates": [ [ [ -111.588342, 40.582282 ], [ -111.588098, 40.582484 ], [ -111.587833, 40.582298 ], [ -111.588078, 40.582096 ], [ -111.588342, 40.582282 ] ] ] } }
,
{ "type": "Feature", "properties": { "Shape_Leng": 121.920215, "Shape_Area": 929.033681 }, "geometry": { "type": "Polygon", "coordinates": [ [ [ -111.588078, 40.582096 ], [ -111.587833, 40.582298 ], [ -111.587569, 40.582112 ], [ -111.587813, 40.581910 ], [ -111.588078, 40.582096 ] ] ] } }
,
{ "type": "Feature", "properties": { "Shape_Leng": 121.920220, "Shape_Area": 929.033753 }, "geometry": { "type": "Polygon", "coordinates": [ [ [ -111.585695, 40.580421 ], [ -111.585451, 40.580623 ], [ -111.585186, 40.580437 ], [ -111.585430, 40.580235 ], [ -111.585695, 40.580421 ] ] ] } }
,
{ "type": "Feature", "properties": { "Shape_Leng": 121.920220, "Shape_Area": 929.033753 }, "geometry": { "type": "Polygon", "coordinates": [ [ [ -111.585430, 40.580235 ], [ -111.585186, 40.580437 ], [ -111.584921, 40.580250 ], [ -111.585165, 40.580049 ], [ -111.585430, 40.580235 ] ] ] } }
,
{ "type": "Feature", "properties": { "Shape_Leng": 121.919937, "Shape_Area": 929.029445 }, "geometry": { "type": "Polygon", "coordinates": [ [ [ -111.585165, 40.580049 ], [ -111.584921, 40.580250 ], [ -111.584656, 40.580064 ], [ -111.584900, 40.579862 ], [ -111.585165, 40.580049 ] ] ] } }
,
{ "type": "Feature", "properties": { "Shape_Leng": 121.919937, "Shape_Area": 929.029445 }, "geometry": { "type": "Polygon", "coordinates": [ [ [ -111.584900, 40.579862 ], [ -111.584656, 40.580064 ], [ -111.584392, 40.579878 ], [ -111.584636, 40.579676 ], [ -111.584900, 40.579862 ] ] ] } }
,
{ "type": "Feature", "properties": { "Shape_Leng": 121.919952, "Shape_Area": 929.029664 }, "geometry": { "type": "Polygon", "coordinates": [ [ [ -111.584636, 40.579676 ], [ -111.584392, 40.579878 ], [ -111.584127, 40.579692 ], [ -111.584371, 40.579490 ], [ -111.584636, 40.579676 ] ] ] } }
,
{ "type": "Feature", "properties": { "Shape_Leng": 121.920357, "Shape_Area": 929.035835 }, "geometry": { "type": "Polygon", "coordinates": [ [ [ -111.584371, 40.579490 ], [ -111.584127, 40.579692 ], [ -111.583862, 40.579506 ], [ -111.584106, 40.579304 ], [ -111.584371, 40.579490 ] ] ] } }
,
{ "type": "Feature", "properties": { "Shape_Leng": 121.919801, "Shape_Area": 929.027364 }, "geometry": { "type": "Polygon", "coordinates": [ [ [ -111.588363, 40.582670 ], [ -111.588119, 40.582872 ], [ -111.587854, 40.582686 ], [ -111.588098, 40.582484 ], [ -111.588363, 40.582670 ] ] ] } }
,
{ "type": "Feature", "properties": { "Shape_Leng": 121.920225, "Shape_Area": 929.033826 }, "geometry": { "type": "Polygon", "coordinates": [ [ [ -111.588098, 40.582484 ], [ -111.587854, 40.582686 ], [ -111.587589, 40.582500 ], [ -111.587833, 40.582298 ], [ -111.588098, 40.582484 ] ] ] } }
,
{ "type": "Feature", "properties": { "Shape_Leng": 121.919937, "Shape_Area": 929.029445 }, "geometry": { "type": "Polygon", "coordinates": [ [ [ -111.587833, 40.582298 ], [ -111.587589, 40.582500 ], [ -111.587325, 40.582314 ], [ -111.587569, 40.582112 ], [ -111.587833, 40.582298 ] ] ] } }
,
{ "type": "Feature", "properties": { "Shape_Leng": 121.920064, "Shape_Area": 929.031381 }, "geometry": { "type": "Polygon", "coordinates": [ [ [ -111.587569, 40.582112 ], [ -111.587325, 40.582314 ], [ -111.587060, 40.582128 ], [ -111.587304, 40.581926 ], [ -111.587569, 40.582112 ] ] ] } }
,
{ "type": "Feature", "properties": { "Shape_Leng": 121.919796, "Shape_Area": 929.027291 }, "geometry": { "type": "Polygon", "coordinates": [ [ [ -111.586774, 40.581553 ], [ -111.586530, 40.581755 ], [ -111.586266, 40.581569 ], [ -111.586510, 40.581367 ], [ -111.586774, 40.581553 ] ] ] } }
,
{ "type": "Feature", "properties": { "Shape_Leng": 121.919933, "Shape_Area": 929.029372 }, "geometry": { "type": "Polygon", "coordinates": [ [ [ -111.586510, 40.581367 ], [ -111.586266, 40.581569 ], [ -111.586001, 40.581383 ], [ -111.586245, 40.581181 ], [ -111.586510, 40.581367 ] ] ] } }
,
{ "type": "Feature", "properties": { "Shape_Leng": 121.920079, "Shape_Area": 929.031599 }, "geometry": { "type": "Polygon", "coordinates": [ [ [ -111.586245, 40.581181 ], [ -111.586001, 40.581383 ], [ -111.585736, 40.581197 ], [ -111.585980, 40.580995 ], [ -111.586245, 40.581181 ] ] ] } }
,
{ "type": "Feature", "properties": { "Shape_Leng": 121.919942, "Shape_Area": 929.029518 }, "geometry": { "type": "Polygon", "coordinates": [ [ [ -111.585980, 40.580995 ], [ -111.585736, 40.581197 ], [ -111.585471, 40.581011 ], [ -111.585715, 40.580809 ], [ -111.585980, 40.580995 ] ] ] } }
,
{ "type": "Feature", "properties": { "Shape_Leng": 121.919640, "Shape_Area": 929.024918 }, "geometry": { "type": "Polygon", "coordinates": [ [ [ -111.585715, 40.580809 ], [ -111.585471, 40.581011 ], [ -111.585206, 40.580825 ], [ -111.585451, 40.580623 ], [ -111.585715, 40.580809 ] ] ] } }
,
{ "type": "Feature", "properties": { "Shape_Leng": 121.920079, "Shape_Area": 929.031599 }, "geometry": { "type": "Polygon", "coordinates": [ [ [ -111.585451, 40.580623 ], [ -111.585206, 40.580825 ], [ -111.584942, 40.580638 ], [ -111.585186, 40.580437 ], [ -111.585451, 40.580623 ] ] ] } }
,
{ "type": "Feature", "properties": { "Shape_Leng": 121.919796, "Shape_Area": 929.027291 }, "geometry": { "type": "Polygon", "coordinates": [ [ [ -111.585186, 40.580437 ], [ -111.584942, 40.580638 ], [ -111.584677, 40.580452 ], [ -111.584921, 40.580250 ], [ -111.585186, 40.580437 ] ] ] } }
,
{ "type": "Feature", "properties": { "Shape_Leng": 121.920083, "Shape_Area": 929.031672 }, "geometry": { "type": "Polygon", "coordinates": [ [ [ -111.584921, 40.580250 ], [ -111.584677, 40.580452 ], [ -111.584412, 40.580266 ], [ -111.584656, 40.580064 ], [ -111.584921, 40.580250 ] ] ] } }
,
{ "type": "Feature", "properties": { "Shape_Leng": 121.920064, "Shape_Area": 929.031381 }, "geometry": { "type": "Polygon", "coordinates": [ [ [ -111.584656, 40.580064 ], [ -111.584412, 40.580266 ], [ -111.584147, 40.580080 ], [ -111.584392, 40.579878 ], [ -111.584656, 40.580064 ] ] ] } }
,
{ "type": "Feature", "properties": { "Shape_Leng": 121.919791, "Shape_Area": 929.027218 }, "geometry": { "type": "Polygon", "coordinates": [ [ [ -111.584392, 40.579878 ], [ -111.584147, 40.580080 ], [ -111.583883, 40.579894 ], [ -111.584127, 40.579692 ], [ -111.584392, 40.579878 ] ] ] } }
,
{ "type": "Feature", "properties": { "Shape_Leng": 121.919801, "Shape_Area": 929.027364 }, "geometry": { "type": "Polygon", "coordinates": [ [ [ -111.584127, 40.579692 ], [ -111.583883, 40.579894 ], [ -111.583618, 40.579708 ], [ -111.583862, 40.579506 ], [ -111.584127, 40.579692 ] ] ] } }
,
{ "type": "Feature", "properties": { "Shape_Leng": 121.919791, "Shape_Area": 929.027218 }, "geometry": { "type": "Polygon", "coordinates": [ [ [ -111.583862, 40.579506 ], [ -111.583618, 40.579708 ], [ -111.583353, 40.579522 ], [ -111.583597, 40.579320 ], [ -111.583862, 40.579506 ] ] ] } }
,
{ "type": "Feature", "properties": { "Shape_Leng": 121.920074, "Shape_Area": 929.031526 }, "geometry": { "type": "Polygon", "coordinates": [ [ [ -111.589178, 40.583617 ], [ -111.588934, 40.583818 ], [ -111.588669, 40.583632 ], [ -111.588913, 40.583430 ], [ -111.589178, 40.583617 ] ] ] } }
,
{ "type": "Feature", "properties": { "Shape_Leng": 121.920357, "Shape_Area": 929.035835 }, "geometry": { "type": "Polygon", "coordinates": [ [ [ -111.588913, 40.583430 ], [ -111.588669, 40.583632 ], [ -111.588404, 40.583446 ], [ -111.588648, 40.583244 ], [ -111.588913, 40.583430 ] ] ] } }
,
{ "type": "Feature", "properties": { "Shape_Leng": 121.919791, "Shape_Area": 929.027218 }, "geometry": { "type": "Polygon", "coordinates": [ [ [ -111.588648, 40.583244 ], [ -111.588404, 40.583446 ], [ -111.588140, 40.583260 ], [ -111.588384, 40.583058 ], [ -111.588648, 40.583244 ] ] ] } }
,
{ "type": "Feature", "properties": { "Shape_Leng": 121.919937, "Shape_Area": 929.029445 }, "geometry": { "type": "Polygon", "coordinates": [ [ [ -111.588384, 40.583058 ], [ -111.588140, 40.583260 ], [ -111.587875, 40.583074 ], [ -111.588119, 40.582872 ], [ -111.588384, 40.583058 ] ] ] } }
,
{ "type": "Feature", "properties": { "Shape_Leng": 121.919933, "Shape_Area": 929.029372 }, "geometry": { "type": "Polygon", "coordinates": [ [ [ -111.588119, 40.582872 ], [ -111.587875, 40.583074 ], [ -111.587610, 40.582888 ], [ -111.587854, 40.582686 ], [ -111.588119, 40.582872 ] ] ] } }
,
{ "type": "Feature", "properties": { "Shape_Leng": 121.920215, "Shape_Area": 929.033680 }, "geometry": { "type": "Polygon", "coordinates": [ [ [ -111.587854, 40.582686 ], [ -111.587610, 40.582888 ], [ -111.587345, 40.582702 ], [ -111.587589, 40.582500 ], [ -111.587854, 40.582686 ] ] ] } }
,
{ "type": "Feature", "properties": { "Shape_Leng": 121.919645, "Shape_Area": 929.024991 }, "geometry": { "type": "Polygon", "coordinates": [ [ [ -111.587589, 40.582500 ], [ -111.587345, 40.582702 ], [ -111.587080, 40.582516 ], [ -111.587325, 40.582314 ], [ -111.587589, 40.582500 ] ] ] } }
,
{ "type": "Feature", "properties": { "Shape_Leng": 121.919796, "Shape_Area": 929.027291 }, "geometry": { "type": "Polygon", "coordinates": [ [ [ -111.587325, 40.582314 ], [ -111.587080, 40.582516 ], [ -111.586816, 40.582329 ], [ -111.587060, 40.582128 ], [ -111.587325, 40.582314 ] ] ] } }
,
{ "type": "Feature", "properties": { "Shape_Leng": 121.920225, "Shape_Area": 929.033826 }, "geometry": { "type": "Polygon", "coordinates": [ [ [ -111.587060, 40.582128 ], [ -111.586816, 40.582329 ], [ -111.586551, 40.582143 ], [ -111.586795, 40.581941 ], [ -111.587060, 40.582128 ] ] ] } }
,
{ "type": "Feature", "properties": { "Shape_Leng": 121.919937, "Shape_Area": 929.029445 }, "geometry": { "type": "Polygon", "coordinates": [ [ [ -111.586795, 40.581941 ], [ -111.586551, 40.582143 ], [ -111.586286, 40.581957 ], [ -111.586530, 40.581755 ], [ -111.586795, 40.581941 ] ] ] } }
,
{ "type": "Feature", "properties": { "Shape_Leng": 121.919933, "Shape_Area": 929.029372 }, "geometry": { "type": "Polygon", "coordinates": [ [ [ -111.586530, 40.581755 ], [ -111.586286, 40.581957 ], [ -111.586021, 40.581771 ], [ -111.586266, 40.581569 ], [ -111.586530, 40.581755 ] ] ] } }
,
{ "type": "Feature", "properties": { "Shape_Leng": 121.920074, "Shape_Area": 929.031526 }, "geometry": { "type": "Polygon", "coordinates": [ [ [ -111.586266, 40.581569 ], [ -111.586021, 40.581771 ], [ -111.585757, 40.581585 ], [ -111.586001, 40.581383 ], [ -111.586266, 40.581569 ] ] ] } }
,
{ "type": "Feature", "properties": { "Shape_Leng": 121.920074, "Shape_Area": 929.031526 }, "geometry": { "type": "Polygon", "coordinates": [ [ [ -111.586001, 40.581383 ], [ -111.585757, 40.581585 ], [ -111.585492, 40.581399 ], [ -111.585736, 40.581197 ], [ -111.586001, 40.581383 ] ] ] } }
,
{ "type": "Feature", "properties": { "Shape_Leng": 121.919928, "Shape_Area": 929.029300 }, "geometry": { "type": "Polygon", "coordinates": [ [ [ -111.585736, 40.581197 ], [ -111.585492, 40.581399 ], [ -111.585227, 40.581213 ], [ -111.585471, 40.581011 ], [ -111.585736, 40.581197 ] ] ] } }
,
{ "type": "Feature", "properties": { "Shape_Leng": 121.919937, "Shape_Area": 929.029445 }, "geometry": { "type": "Polygon", "coordinates": [ [ [ -111.585471, 40.581011 ], [ -111.585227, 40.581213 ], [ -111.584962, 40.581026 ], [ -111.585206, 40.580825 ], [ -111.585471, 40.581011 ] ] ] } }
,
{ "type": "Feature", "properties": { "Shape_Leng": 121.920225, "Shape_Area": 929.033826 }, "geometry": { "type": "Polygon", "coordinates": [ [ [ -111.585206, 40.580825 ], [ -111.584962, 40.581026 ], [ -111.584698, 40.580840 ], [ -111.584942, 40.580638 ], [ -111.585206, 40.580825 ] ] ] } }
,
{ "type": "Feature", "properties": { "Shape_Leng": 121.919655, "Shape_Area": 929.025137 }, "geometry": { "type": "Polygon", "coordinates": [ [ [ -111.584942, 40.580638 ], [ -111.584698, 40.580840 ], [ -111.584433, 40.580654 ], [ -111.584677, 40.580452 ], [ -111.584942, 40.580638 ] ] ] } }
,
{ "type": "Feature", "properties": { "Shape_Leng": 121.920352, "Shape_Area": 929.035762 }, "geometry": { "type": "Polygon", "coordinates": [ [ [ -111.584677, 40.580452 ], [ -111.584433, 40.580654 ], [ -111.584168, 40.580468 ], [ -111.584412, 40.580266 ], [ -111.584677, 40.580452 ] ] ] } }
,
{ "type": "Feature", "properties": { "Shape_Leng": 121.920069, "Shape_Area": 929.031453 }, "geometry": { "type": "Polygon", "coordinates": [ [ [ -111.584412, 40.580266 ], [ -111.584168, 40.580468 ], [ -111.583903, 40.580282 ], [ -111.584147, 40.580080 ], [ -111.584412, 40.580266 ] ] ] } }
,
{ "type": "Feature", "properties": { "Shape_Leng": 121.920357, "Shape_Area": 929.035835 }, "geometry": { "type": "Polygon", "coordinates": [ [ [ -111.584147, 40.580080 ], [ -111.583903, 40.580282 ], [ -111.583639, 40.580096 ], [ -111.583883, 40.579894 ], [ -111.584147, 40.580080 ] ] ] } }
,
{ "type": "Feature", "properties": { "Shape_Leng": 121.919947, "Shape_Area": 929.029591 }, "geometry": { "type": "Polygon", "coordinates": [ [ [ -111.583883, 40.579894 ], [ -111.583639, 40.580096 ], [ -111.583374, 40.579910 ], [ -111.583618, 40.579708 ], [ -111.583883, 40.579894 ] ] ] } }
,
{ "type": "Feature", "properties": { "Shape_Leng": 121.920352, "Shape_Area": 929.035762 }, "geometry": { "type": "Polygon", "coordinates": [ [ [ -111.583618, 40.579708 ], [ -111.583374, 40.579910 ], [ -111.583109, 40.579723 ], [ -111.583353, 40.579522 ], [ -111.583618, 40.579708 ] ] ] } }
,
{ "type": "Feature", "properties": { "Shape_Leng": 121.920079, "Shape_Area": 929.031599 }, "geometry": { "type": "Polygon", "coordinates": [ [ [ -111.588934, 40.583818 ], [ -111.588690, 40.584020 ], [ -111.588425, 40.583834 ], [ -111.588669, 40.583632 ], [ -111.588934, 40.583818 ] ] ] } }
,
{ "type": "Feature", "properties": { "Shape_Leng": 121.920088, "Shape_Area": 929.031745 }, "geometry": { "type": "Polygon", "coordinates": [ [ [ -111.588669, 40.583632 ], [ -111.588425, 40.583834 ], [ -111.588160, 40.583648 ], [ -111.588404, 40.583446 ], [ -111.588669, 40.583632 ] ] ] } }
,
{ "type": "Feature", "properties": { "Shape_Leng": 121.919937, "Shape_Area": 929.029445 }, "geometry": { "type": "Polygon", "coordinates": [ [ [ -111.588404, 40.583446 ], [ -111.588160, 40.583648 ], [ -111.587895, 40.583462 ], [ -111.588140, 40.583260 ], [ -111.588404, 40.583446 ] ] ] } }
,
{ "type": "Feature", "properties": { "Shape_Leng": 121.920220, "Shape_Area": 929.033753 }, "geometry": { "type": "Polygon", "coordinates": [ [ [ -111.588140, 40.583260 ], [ -111.587895, 40.583462 ], [ -111.587631, 40.583276 ], [ -111.587875, 40.583074 ], [ -111.588140, 40.583260 ] ] ] } }
,
{ "type": "Feature", "properties": { "Shape_Leng": 121.920064, "Shape_Area": 929.031381 }, "geometry": { "type": "Polygon", "coordinates": [ [ [ -111.587875, 40.583074 ], [ -111.587631, 40.583276 ], [ -111.587366, 40.583090 ], [ -111.587610, 40.582888 ], [ -111.587875, 40.583074 ] ] ] } }
,
{ "type": "Feature", "properties": { "Shape_Leng": 121.919947, "Shape_Area": 929.029591 }, "geometry": { "type": "Polygon", "coordinates": [ [ [ -111.587610, 40.582888 ], [ -111.587366, 40.583090 ], [ -111.587101, 40.582904 ], [ -111.587345, 40.582702 ], [ -111.587610, 40.582888 ] ] ] } }
,
{ "type": "Feature", "properties": { "Shape_Leng": 121.920079, "Shape_Area": 929.031599 }, "geometry": { "type": "Polygon", "coordinates": [ [ [ -111.587345, 40.582702 ], [ -111.587101, 40.582904 ], [ -111.586836, 40.582717 ], [ -111.587080, 40.582516 ], [ -111.587345, 40.582702 ] ] ] } }
,
{ "type": "Feature", "properties": { "Shape_Leng": 121.920225, "Shape_Area": 929.033826 }, "geometry": { "type": "Polygon", "coordinates": [ [ [ -111.587080, 40.582516 ], [ -111.586836, 40.582717 ], [ -111.586572, 40.582531 ], [ -111.586816, 40.582329 ], [ -111.587080, 40.582516 ] ] ] } }
,
{ "type": "Feature", "properties": { "Shape_Leng": 121.920074, "Shape_Area": 929.031526 }, "geometry": { "type": "Polygon", "coordinates": [ [ [ -111.586816, 40.582329 ], [ -111.586572, 40.582531 ], [ -111.586307, 40.582345 ], [ -111.586551, 40.582143 ], [ -111.586816, 40.582329 ] ] ] } }
,
{ "type": "Feature", "properties": { "Shape_Leng": 121.919796, "Shape_Area": 929.027291 }, "geometry": { "type": "Polygon", "coordinates": [ [ [ -111.586551, 40.582143 ], [ -111.586307, 40.582345 ], [ -111.586042, 40.582159 ], [ -111.586286, 40.581957 ], [ -111.586551, 40.582143 ] ] ] } }
,
{ "type": "Feature", "properties": { "Shape_Leng": 121.920079, "Shape_Area": 929.031599 }, "geometry": { "type": "Polygon", "coordinates": [ [ [ -111.586286, 40.581957 ], [ -111.586042, 40.582159 ], [ -111.585777, 40.581973 ], [ -111.586021, 40.581771 ], [ -111.586286, 40.581957 ] ] ] } }
,
{ "type": "Feature", "properties": { "Shape_Leng": 121.920074, "Shape_Area": 929.031526 }, "geometry": { "type": "Polygon", "coordinates": [ [ [ -111.586021, 40.581771 ], [ -111.585777, 40.581973 ], [ -111.585512, 40.581787 ], [ -111.585757, 40.581585 ], [ -111.586021, 40.581771 ] ] ] } }
,
{ "type": "Feature", "properties": { "Shape_Leng": 121.919791, "Shape_Area": 929.027218 }, "geometry": { "type": "Polygon", "coordinates": [ [ [ -111.585757, 40.581585 ], [ -111.585512, 40.581787 ], [ -111.585248, 40.581601 ], [ -111.585492, 40.581399 ], [ -111.585757, 40.581585 ] ] ] } }
,
{ "type": "Feature", "properties": { "Shape_Leng": 121.920083, "Shape_Area": 929.031672 }, "geometry": { "type": "Polygon", "coordinates": [ [ [ -111.585492, 40.581399 ], [ -111.585248, 40.581601 ], [ -111.584983, 40.581414 ], [ -111.585227, 40.581213 ], [ -111.585492, 40.581399 ] ] ] } }
,
{ "type": "Feature", "properties": { "Shape_Leng": 121.920083, "Shape_Area": 929.031672 }, "geometry": { "type": "Polygon", "coordinates": [ [ [ -111.585227, 40.581213 ], [ -111.584983, 40.581414 ], [ -111.584718, 40.581228 ], [ -111.584962, 40.581026 ], [ -111.585227, 40.581213 ] ] ] } }
,
{ "type": "Feature", "properties": { "Shape_Leng": 121.920210, "Shape_Area": 929.033608 }, "geometry": { "type": "Polygon", "coordinates": [ [ [ -111.584962, 40.581026 ], [ -111.584718, 40.581228 ], [ -111.584453, 40.581042 ], [ -111.584698, 40.580840 ], [ -111.584962, 40.581026 ] ] ] } }
,
{ "type": "Feature", "properties": { "Shape_Leng": 121.919650, "Shape_Area": 929.025064 }, "geometry": { "type": "Polygon", "coordinates": [ [ [ -111.584698, 40.580840 ], [ -111.584453, 40.581042 ], [ -111.584189, 40.580856 ], [ -111.584433, 40.580654 ], [ -111.584698, 40.580840 ] ] ] } }
,
{ "type": "Feature", "properties": { "Shape_Leng": 121.920361, "Shape_Area": 929.035908 }, "geometry": { "type": "Polygon", "coordinates": [ [ [ -111.584433, 40.580654 ], [ -111.584189, 40.580856 ], [ -111.583924, 40.580670 ], [ -111.584168, 40.580468 ], [ -111.584433, 40.580654 ] ] ] } }
,
{ "type": "Feature", "properties": { "Shape_Leng": 121.920088, "Shape_Area": 929.031745 }, "geometry": { "type": "Polygon", "coordinates": [ [ [ -111.584168, 40.580468 ], [ -111.583924, 40.580670 ], [ -111.583659, 40.580484 ], [ -111.583903, 40.580282 ], [ -111.584168, 40.580468 ] ] ] } }
,
{ "type": "Feature", "properties": { "Shape_Leng": 121.919937, "Shape_Area": 929.029445 }, "geometry": { "type": "Polygon", "coordinates": [ [ [ -111.583903, 40.580282 ], [ -111.583659, 40.580484 ], [ -111.583394, 40.580298 ], [ -111.583639, 40.580096 ], [ -111.583903, 40.580282 ] ] ] } }
,
{ "type": "Feature", "properties": { "Shape_Leng": 121.919942, "Shape_Area": 929.029518 }, "geometry": { "type": "Polygon", "coordinates": [ [ [ -111.583639, 40.580096 ], [ -111.583394, 40.580298 ], [ -111.583130, 40.580111 ], [ -111.583374, 40.579910 ], [ -111.583639, 40.580096 ] ] ] } }
,
{ "type": "Feature", "properties": { "Shape_Leng": 121.919791, "Shape_Area": 929.027218 }, "geometry": { "type": "Polygon", "coordinates": [ [ [ -111.583374, 40.579910 ], [ -111.583130, 40.580111 ], [ -111.582865, 40.579925 ], [ -111.583109, 40.579723 ], [ -111.583374, 40.579910 ] ] ] } }
,
{ "type": "Feature", "properties": { "Shape_Leng": 121.920069, "Shape_Area": 929.031453 }, "geometry": { "type": "Polygon", "coordinates": [ [ [ -111.588690, 40.584020 ], [ -111.588446, 40.584222 ], [ -111.588181, 40.584036 ], [ -111.588425, 40.583834 ], [ -111.588690, 40.584020 ] ] ] } }
,
{ "type": "Feature", "properties": { "Shape_Leng": 121.920074, "Shape_Area": 929.031526 }, "geometry": { "type": "Polygon", "coordinates": [ [ [ -111.588425, 40.583834 ], [ -111.588181, 40.584036 ], [ -111.587916, 40.583850 ], [ -111.588160, 40.583648 ], [ -111.588425, 40.583834 ] ] ] } }
,
{ "type": "Feature", "properties": { "Shape_Leng": 121.919933, "Shape_Area": 929.029372 }, "geometry": { "type": "Polygon", "coordinates": [ [ [ -111.588160, 40.583648 ], [ -111.587916, 40.583850 ], [ -111.587651, 40.583664 ], [ -111.587895, 40.583462 ], [ -111.588160, 40.583648 ] ] ] } }
,
{ "type": "Feature", "properties": { "Shape_Leng": 121.920083, "Shape_Area": 929.031672 }, "geometry": { "type": "Polygon", "coordinates": [ [ [ -111.587895, 40.583462 ], [ -111.587651, 40.583664 ], [ -111.587386, 40.583478 ], [ -111.587631, 40.583276 ], [ -111.587895, 40.583462 ] ] ] } }
,
{ "type": "Feature", "properties": { "Shape_Leng": 121.919923, "Shape_Area": 929.029227 }, "geometry": { "type": "Polygon", "coordinates": [ [ [ -111.587631, 40.583276 ], [ -111.587386, 40.583478 ], [ -111.587122, 40.583292 ], [ -111.587366, 40.583090 ], [ -111.587631, 40.583276 ] ] ] } }
,
{ "type": "Feature", "properties": { "Shape_Leng": 121.919937, "Shape_Area": 929.029445 }, "geometry": { "type": "Polygon", "coordinates": [ [ [ -111.587366, 40.583090 ], [ -111.587122, 40.583292 ], [ -111.586857, 40.583105 ], [ -111.587101, 40.582904 ], [ -111.587366, 40.583090 ] ] ] } }
,
{ "type": "Feature", "properties": { "Shape_Leng": 121.920079, "Shape_Area": 929.031599 }, "geometry": { "type": "Polygon", "coordinates": [ [ [ -111.587101, 40.582904 ], [ -111.586857, 40.583105 ], [ -111.586592, 40.582919 ], [ -111.586836, 40.582717 ], [ -111.587101, 40.582904 ] ] ] } }
,
{ "type": "Feature", "properties": { "Shape_Leng": 121.920215, "Shape_Area": 929.033681 }, "geometry": { "type": "Polygon", "coordinates": [ [ [ -111.586836, 40.582717 ], [ -111.586592, 40.582919 ], [ -111.586327, 40.582733 ], [ -111.586572, 40.582531 ], [ -111.586836, 40.582717 ] ] ] } }
,
{ "type": "Feature", "properties": { "Shape_Leng": 121.919640, "Shape_Area": 929.024918 }, "geometry": { "type": "Polygon", "coordinates": [ [ [ -111.586572, 40.582531 ], [ -111.586327, 40.582733 ], [ -111.586063, 40.582547 ], [ -111.586307, 40.582345 ], [ -111.586572, 40.582531 ] ] ] } }
,
{ "type": "Feature", "properties": { "Shape_Leng": 121.920069, "Shape_Area": 929.031453 }, "geometry": { "type": "Polygon", "coordinates": [ [ [ -111.586307, 40.582345 ], [ -111.586063, 40.582547 ], [ -111.585798, 40.582361 ], [ -111.586042, 40.582159 ], [ -111.586307, 40.582345 ] ] ] } }
,
{ "type": "Feature", "properties": { "Shape_Leng": 121.919942, "Shape_Area": 929.029518 }, "geometry": { "type": "Polygon", "coordinates": [ [ [ -111.586042, 40.582159 ], [ -111.585798, 40.582361 ], [ -111.585533, 40.582175 ], [ -111.585777, 40.581973 ], [ -111.586042, 40.582159 ] ] ] } }
,
{ "type": "Feature", "properties": { "Shape_Leng": 121.919937, "Shape_Area": 929.029445 }, "geometry": { "type": "Polygon", "coordinates": [ [ [ -111.585777, 40.581973 ], [ -111.585533, 40.582175 ], [ -111.585268, 40.581989 ], [ -111.585512, 40.581787 ], [ -111.585777, 40.581973 ] ] ] } }
,
{ "type": "Feature", "properties": { "Shape_Leng": 121.919796, "Shape_Area": 929.027291 }, "geometry": { "type": "Polygon", "coordinates": [ [ [ -111.585512, 40.581787 ], [ -111.585268, 40.581989 ], [ -111.585004, 40.581802 ], [ -111.585248, 40.581601 ], [ -111.585512, 40.581787 ] ] ] } }
,
{ "type": "Feature", "properties": { "Shape_Leng": 121.920220, "Shape_Area": 929.033753 }, "geometry": { "type": "Polygon", "coordinates": [ [ [ -111.585248, 40.581601 ], [ -111.585004, 40.581802 ], [ -111.584739, 40.581616 ], [ -111.584983, 40.581414 ], [ -111.585248, 40.581601 ] ] ] } }
,
{ "type": "Feature", "properties": { "Shape_Leng": 121.919791, "Shape_Area": 929.027218 }, "geometry": { "type": "Polygon", "coordinates": [ [ [ -111.584983, 40.581414 ], [ -111.584739, 40.581616 ], [ -111.584474, 40.581430 ], [ -111.584718, 40.581228 ], [ -111.584983, 40.581414 ] ] ] } }
,
{ "type": "Feature", "properties": { "Shape_Leng": 121.920074, "Shape_Area": 929.031526 }, "geometry": { "type": "Polygon", "coordinates": [ [ [ -111.584718, 40.581228 ], [ -111.584474, 40.581430 ], [ -111.584209, 40.581244 ], [ -111.584453, 40.581042 ], [ -111.584718, 40.581228 ] ] ] } }
,
{ "type": "Feature", "properties": { "Shape_Leng": 121.919655, "Shape_Area": 929.025137 }, "geometry": { "type": "Polygon", "coordinates": [ [ [ -111.584453, 40.581042 ], [ -111.584209, 40.581244 ], [ -111.583945, 40.581058 ], [ -111.584189, 40.580856 ], [ -111.584453, 40.581042 ] ] ] } }
,
{ "type": "Feature", "properties": { "Shape_Leng": 121.919933, "Shape_Area": 929.029372 }, "geometry": { "type": "Polygon", "coordinates": [ [ [ -111.584189, 40.580856 ], [ -111.583945, 40.581058 ], [ -111.583680, 40.580872 ], [ -111.583924, 40.580670 ], [ -111.584189, 40.580856 ] ] ] } }
,
{ "type": "Feature", "properties": { "Shape_Leng": 121.919791, "Shape_Area": 929.027218 }, "geometry": { "type": "Polygon", "coordinates": [ [ [ -111.583924, 40.580670 ], [ -111.583680, 40.580872 ], [ -111.583415, 40.580686 ], [ -111.583659, 40.580484 ], [ -111.583924, 40.580670 ] ] ] } }
,
{ "type": "Feature", "properties": { "Shape_Leng": 121.919937, "Shape_Area": 929.029445 }, "geometry": { "type": "Polygon", "coordinates": [ [ [ -111.583659, 40.580484 ], [ -111.583415, 40.580686 ], [ -111.583150, 40.580499 ], [ -111.583394, 40.580298 ], [ -111.583659, 40.580484 ] ] ] } }
,
{ "type": "Feature", "properties": { "Shape_Leng": 121.920069, "Shape_Area": 929.031454 }, "geometry": { "type": "Polygon", "coordinates": [ [ [ -111.583394, 40.580298 ], [ -111.583150, 40.580499 ], [ -111.582886, 40.580313 ], [ -111.583130, 40.580111 ], [ -111.583394, 40.580298 ] ] ] } }
,
{ "type": "Feature", "properties": { "Shape_Leng": 121.919933, "Shape_Area": 929.029372 }, "geometry": { "type": "Polygon", "coordinates": [ [ [ -111.588446, 40.584222 ], [ -111.588201, 40.584424 ], [ -111.587937, 40.584238 ], [ -111.588181, 40.584036 ], [ -111.588446, 40.584222 ] ] ] } }
,
{ "type": "Feature", "properties": { "Shape_Leng": 121.920074, "Shape_Area": 929.031526 }, "geometry": { "type": "Polygon", "coordinates": [ [ [ -111.588181, 40.584036 ], [ -111.587937, 40.584238 ], [ -111.587672, 40.584052 ], [ -111.587916, 40.583850 ], [ -111.588181, 40.584036 ] ] ] } }
,
{ "type": "Feature", "properties": { "Shape_Leng": 121.919933, "Shape_Area": 929.029372 }, "geometry": { "type": "Polygon", "coordinates": [ [ [ -111.587916, 40.583850 ], [ -111.587672, 40.584052 ], [ -111.587407, 40.583866 ], [ -111.587651, 40.583664 ], [ -111.587916, 40.583850 ] ] ] } }
,
{ "type": "Feature", "properties": { "Shape_Leng": 121.920220, "Shape_Area": 929.033753 }, "geometry": { "type": "Polygon", "coordinates": [ [ [ -111.587651, 40.583664 ], [ -111.587407, 40.583866 ], [ -111.587142, 40.583680 ], [ -111.587386, 40.583478 ], [ -111.587651, 40.583664 ] ] ] } }
,
{ "type": "Feature", "properties": { "Shape_Leng": 121.920079, "Shape_Area": 929.031599 }, "geometry": { "type": "Polygon", "coordinates": [ [ [ -111.587386, 40.583478 ], [ -111.587142, 40.583680 ], [ -111.586878, 40.583493 ], [ -111.587122, 40.583292 ], [ -111.587386, 40.583478 ] ] ] } }
,
{ "type": "Feature", "properties": { "Shape_Leng": 121.920079, "Shape_Area": 929.031599 }, "geometry": { "type": "Polygon", "coordinates": [ [ [ -111.587122, 40.583292 ], [ -111.586878, 40.583493 ], [ -111.586613, 40.583307 ], [ -111.586857, 40.583105 ], [ -111.587122, 40.583292 ] ] ] } }
,
{ "type": "Feature", "properties": { "Shape_Leng": 121.919942, "Shape_Area": 929.029518 }, "geometry": { "type": "Polygon", "coordinates": [ [ [ -111.586857, 40.583105 ], [ -111.586613, 40.583307 ], [ -111.586348, 40.583121 ], [ -111.586592, 40.582919 ], [ -111.586857, 40.583105 ] ] ] } }
,
{ "type": "Feature", "properties": { "Shape_Leng": 121.920210, "Shape_Area": 929.033608 }, "geometry": { "type": "Polygon", "coordinates": [ [ [ -111.586592, 40.582919 ], [ -111.586348, 40.583121 ], [ -111.586083, 40.582935 ], [ -111.586327, 40.582733 ], [ -111.586592, 40.582919 ] ] ] } }
,
{ "type": "Feature", "properties": { "Shape_Leng": 121.920220, "Shape_Area": 929.033753 }, "geometry": { "type": "Polygon", "coordinates": [ [ [ -111.586327, 40.582733 ], [ -111.586083, 40.582935 ], [ -111.585819, 40.582749 ], [ -111.586063, 40.582547 ], [ -111.586327, 40.582733 ] ] ] } }
,
{ "type": "Feature", "properties": { "Shape_Leng": 121.920074, "Shape_Area": 929.031526 }, "geometry": { "type": "Polygon", "coordinates": [ [ [ -111.586063, 40.582547 ], [ -111.585819, 40.582749 ], [ -111.585554, 40.582563 ], [ -111.585798, 40.582361 ], [ -111.586063, 40.582547 ] ] ] } }
,
{ "type": "Feature", "properties": { "Shape_Leng": 121.919942, "Shape_Area": 929.029518 }, "geometry": { "type": "Polygon", "coordinates": [ [ [ -111.585798, 40.582361 ], [ -111.585554, 40.582563 ], [ -111.585289, 40.582377 ], [ -111.585533, 40.582175 ], [ -111.585798, 40.582361 ] ] ] } }
,
{ "type": "Feature", "properties": { "Shape_Leng": 121.920079, "Shape_Area": 929.031599 }, "geometry": { "type": "Polygon", "coordinates": [ [ [ -111.585533, 40.582175 ], [ -111.585289, 40.582377 ], [ -111.585024, 40.582190 ], [ -111.585268, 40.581989 ], [ -111.585533, 40.582175 ] ] ] } }
,
{ "type": "Feature", "properties": { "Shape_Leng": 121.920352, "Shape_Area": 929.035762 }, "geometry": { "type": "Polygon", "coordinates": [ [ [ -111.585268, 40.581989 ], [ -111.585024, 40.582190 ], [ -111.584759, 40.582004 ], [ -111.585004, 40.581802 ], [ -111.585268, 40.581989 ] ] ] } }
,
{ "type": "Feature", "properties": { "Shape_Leng": 121.920074, "Shape_Area": 929.031526 }, "geometry": { "type": "Polygon", "coordinates": [ [ [ -111.585004, 40.581802 ], [ -111.584759, 40.582004 ], [ -111.584495, 40.581818 ], [ -111.584739, 40.581616 ], [ -111.585004, 40.581802 ] ] ] } }
,
{ "type": "Feature", "properties": { "Shape_Leng": 121.919791, "Shape_Area": 929.027218 }, "geometry": { "type": "Polygon", "coordinates": [ [ [ -111.584739, 40.581616 ], [ -111.584495, 40.581818 ], [ -111.584230, 40.581632 ], [ -111.584474, 40.581430 ], [ -111.584739, 40.581616 ] ] ] } }
,
{ "type": "Feature", "properties": { "Shape_Leng": 121.920083, "Shape_Area": 929.031672 }, "geometry": { "type": "Polygon", "coordinates": [ [ [ -111.584474, 40.581430 ], [ -111.584230, 40.581632 ], [ -111.583965, 40.581446 ], [ -111.584209, 40.581244 ], [ -111.584474, 40.581430 ] ] ] } }
,
{ "type": "Feature", "properties": { "Shape_Leng": 121.920215, "Shape_Area": 929.033680 }, "geometry": { "type": "Polygon", "coordinates": [ [ [ -111.584209, 40.581244 ], [ -111.583965, 40.581446 ], [ -111.583700, 40.581260 ], [ -111.583945, 40.581058 ], [ -111.584209, 40.581244 ] ] ] } }
,
{ "type": "Feature", "properties": { "Shape_Leng": 121.920083, "Shape_Area": 929.031672 }, "geometry": { "type": "Polygon", "coordinates": [ [ [ -111.583945, 40.581058 ], [ -111.583700, 40.581260 ], [ -111.583436, 40.581074 ], [ -111.583680, 40.580872 ], [ -111.583945, 40.581058 ] ] ] } }
,
{ "type": "Feature", "properties": { "Shape_Leng": 121.919937, "Shape_Area": 929.029445 }, "geometry": { "type": "Polygon", "coordinates": [ [ [ -111.583680, 40.580872 ], [ -111.583436, 40.581074 ], [ -111.583171, 40.580887 ], [ -111.583415, 40.580686 ], [ -111.583680, 40.580872 ] ] ] } }
,
{ "type": "Feature", "properties": { "Shape_Leng": 121.920230, "Shape_Area": 929.033899 }, "geometry": { "type": "Polygon", "coordinates": [ [ [ -111.588201, 40.584424 ], [ -111.587957, 40.584626 ], [ -111.587693, 40.584440 ], [ -111.587937, 40.584238 ], [ -111.588201, 40.584424 ] ] ] } }
,
{ "type": "Feature", "properties": { "Shape_Leng": 121.920225, "Shape_Area": 929.033826 }, "geometry": { "type": "Polygon", "coordinates": [ [ [ -111.587937, 40.584238 ], [ -111.587693, 40.584440 ], [ -111.587428, 40.584254 ], [ -111.587672, 40.584052 ], [ -111.587937, 40.584238 ] ] ] } }
,
{ "type": "Feature", "properties": { "Shape_Leng": 121.919786, "Shape_Area": 929.027145 }, "geometry": { "type": "Polygon", "coordinates": [ [ [ -111.587672, 40.584052 ], [ -111.587428, 40.584254 ], [ -111.587163, 40.584068 ], [ -111.587407, 40.583866 ], [ -111.587672, 40.584052 ] ] ] } }
,
{ "type": "Feature", "properties": { "Shape_Leng": 121.919942, "Shape_Area": 929.029518 }, "geometry": { "type": "Polygon", "coordinates": [ [ [ -111.587407, 40.583866 ], [ -111.587163, 40.584068 ], [ -111.586898, 40.583881 ], [ -111.587142, 40.583680 ], [ -111.587407, 40.583866 ] ] ] } }
,
{ "type": "Feature", "properties": { "Shape_Leng": 121.920079, "Shape_Area": 929.031599 }, "geometry": { "type": "Polygon", "coordinates": [ [ [ -111.587142, 40.583680 ], [ -111.586898, 40.583881 ], [ -111.586633, 40.583695 ], [ -111.586878, 40.583493 ], [ -111.587142, 40.583680 ] ] ] } }
,
{ "type": "Feature", "properties": { "Shape_Leng": 121.920074, "Shape_Area": 929.031526 }, "geometry": { "type": "Polygon", "coordinates": [ [ [ -111.586878, 40.583493 ], [ -111.586633, 40.583695 ], [ -111.586369, 40.583509 ], [ -111.586613, 40.583307 ], [ -111.586878, 40.583493 ] ] ] } }
,
{ "type": "Feature", "properties": { "Shape_Leng": 121.920069, "Shape_Area": 929.031453 }, "geometry": { "type": "Polygon", "coordinates": [ [ [ -111.586613, 40.583307 ], [ -111.586369, 40.583509 ], [ -111.586104, 40.583323 ], [ -111.586348, 40.583121 ], [ -111.586613, 40.583307 ] ] ] } }
,
{ "type": "Feature", "properties": { "Shape_Leng": 121.919650, "Shape_Area": 929.025064 }, "geometry": { "type": "Polygon", "coordinates": [ [ [ -111.586348, 40.583121 ], [ -111.586104, 40.583323 ], [ -111.585839, 40.583137 ], [ -111.586083, 40.582935 ], [ -111.586348, 40.583121 ] ] ] } }
,
{ "type": "Feature", "properties": { "Shape_Leng": 121.920230, "Shape_Area": 929.033899 }, "geometry": { "type": "Polygon", "coordinates": [ [ [ -111.586083, 40.582935 ], [ -111.585839, 40.583137 ], [ -111.585574, 40.582951 ], [ -111.585819, 40.582749 ], [ -111.586083, 40.582935 ] ] ] } }
,
{ "type": "Feature", "properties": { "Shape_Leng": 121.919933, "Shape_Area": 929.029372 }, "geometry": { "type": "Polygon", "coordinates": [ [ [ -111.585819, 40.582749 ], [ -111.585574, 40.582951 ], [ -111.585310, 40.582765 ], [ -111.585554, 40.582563 ], [ -111.585819, 40.582749 ] ] ] } }
,
{ "type": "Feature", "properties": { "Shape_Leng": 121.920210, "Shape_Area": 929.033608 }, "geometry": { "type": "Polygon", "coordinates": [ [ [ -111.585554, 40.582563 ], [ -111.585310, 40.582765 ], [ -111.585045, 40.582578 ], [ -111.585289, 40.582377 ], [ -111.585554, 40.582563 ] ] ] } }
,
{ "type": "Feature", "properties": { "Shape_Leng": 121.919801, "Shape_Area": 929.027364 }, "geometry": { "type": "Polygon", "coordinates": [ [ [ -111.585289, 40.582377 ], [ -111.585045, 40.582578 ], [ -111.584780, 40.582392 ], [ -111.585024, 40.582190 ], [ -111.585289, 40.582377 ] ] ] } }
,
{ "type": "Feature", "properties": { "Shape_Leng": 121.920079, "Shape_Area": 929.031599 }, "geometry": { "type": "Polygon", "coordinates": [ [ [ -111.585024, 40.582190 ], [ -111.584780, 40.582392 ], [ -111.584515, 40.582206 ], [ -111.584759, 40.582004 ], [ -111.585024, 40.582190 ] ] ] } }
,
{ "type": "Feature", "properties": { "Shape_Leng": 121.920079, "Shape_Area": 929.031599 }, "geometry": { "type": "Polygon", "coordinates": [ [ [ -111.584759, 40.582004 ], [ -111.584515, 40.582206 ], [ -111.584251, 40.582020 ], [ -111.584495, 40.581818 ], [ -111.584759, 40.582004 ] ] ] } }
,
{ "type": "Feature", "properties": { "Shape_Leng": 121.920069, "Shape_Area": 929.031454 }, "geometry": { "type": "Polygon", "coordinates": [ [ [ -111.584495, 40.581818 ], [ -111.584251, 40.582020 ], [ -111.583986, 40.581834 ], [ -111.584230, 40.581632 ], [ -111.584495, 40.581818 ] ] ] } }
,
{ "type": "Feature", "properties": { "Shape_Leng": 121.919942, "Shape_Area": 929.029518 }, "geometry": { "type": "Polygon", "coordinates": [ [ [ -111.584230, 40.581632 ], [ -111.583986, 40.581834 ], [ -111.583721, 40.581648 ], [ -111.583965, 40.581446 ], [ -111.584230, 40.581632 ] ] ] } }
,
{ "type": "Feature", "properties": { "Shape_Leng": 121.920079, "Shape_Area": 929.031599 }, "geometry": { "type": "Polygon", "coordinates": [ [ [ -111.587957, 40.584626 ], [ -111.587713, 40.584828 ], [ -111.587448, 40.584642 ], [ -111.587693, 40.584440 ], [ -111.587957, 40.584626 ] ] ] } }
,
{ "type": "Feature", "properties": { "Shape_Leng": 121.919937, "Shape_Area": 929.029445 }, "geometry": { "type": "Polygon", "coordinates": [ [ [ -111.587693, 40.584440 ], [ -111.587448, 40.584642 ], [ -111.587184, 40.584456 ], [ -111.587428, 40.584254 ], [ -111.587693, 40.584440 ] ] ] } }
,
{ "type": "Feature", "properties": { "Shape_Leng": 121.919933, "Shape_Area": 929.029372 }, "geometry": { "type": "Polygon", "coordinates": [ [ [ -111.587428, 40.584254 ], [ -111.587184, 40.584456 ], [ -111.586919, 40.584269 ], [ -111.587163, 40.584068 ], [ -111.587428, 40.584254 ] ] ] } }
,
{ "type": "Feature", "properties": { "Shape_Leng": 121.919933, "Shape_Area": 929.029372 }, "geometry": { "type": "Polygon", "coordinates": [ [ [ -111.587163, 40.584068 ], [ -111.586919, 40.584269 ], [ -111.586654, 40.584083 ], [ -111.586898, 40.583881 ], [ -111.587163, 40.584068 ] ] ] } }
,
{ "type": "Feature", "properties": { "Shape_Leng": 121.920069, "Shape_Area": 929.031453 }, "geometry": { "type": "Polygon", "coordinates": [ [ [ -111.586898, 40.583881 ], [ -111.586654, 40.584083 ], [ -111.586389, 40.583897 ], [ -111.586633, 40.583695 ], [ -111.586898, 40.583881 ] ] ] } }
,
{ "type": "Feature", "properties": { "Shape_Leng": 121.919942, "Shape_Area": 929.029518 }, "geometry": { "type": "Polygon", "coordinates": [ [ [ -111.586633, 40.583695 ], [ -111.586389, 40.583897 ], [ -111.586125, 40.583711 ], [ -111.586369, 40.583509 ], [ -111.586633, 40.583695 ] ] ] } }
,
{ "type": "Feature", "properties": { "Shape_Leng": 121.920220, "Shape_Area": 929.033753 }, "geometry": { "type": "Polygon", "coordinates": [ [ [ -111.586369, 40.583509 ], [ -111.586125, 40.583711 ], [ -111.585860, 40.583525 ], [ -111.586104, 40.583323 ], [ -111.586369, 40.583509 ] ] ] } }
,
{ "type": "Feature", "properties": { "Shape_Leng": 121.919937, "Shape_Area": 929.029445 }, "geometry": { "type": "Polygon", "coordinates": [ [ [ -111.586104, 40.583323 ], [ -111.585860, 40.583525 ], [ -111.585595, 40.583339 ], [ -111.585839, 40.583137 ], [ -111.586104, 40.583323 ] ] ] } }
,
{ "type": "Feature", "properties": { "Shape_Leng": 121.920083, "Shape_Area": 929.031672 }, "geometry": { "type": "Polygon", "coordinates": [ [ [ -111.585839, 40.583137 ], [ -111.585595, 40.583339 ], [ -111.585330, 40.583153 ], [ -111.585574, 40.582951 ], [ -111.585839, 40.583137 ] ] ] } }
,
{ "type": "Feature", "properties": { "Shape_Leng": 121.919928, "Shape_Area": 929.029299 }, "geometry": { "type": "Polygon", "coordinates": [ [ [ -111.585574, 40.582951 ], [ -111.585330, 40.583153 ], [ -111.585065, 40.582966 ], [ -111.585310, 40.582765 ], [ -111.585574, 40.582951 ] ] ] } }
,
{ "type": "Feature", "properties": { "Shape_Leng": 121.920079, "Shape_Area": 929.031599 }, "geometry": { "type": "Polygon", "coordinates": [ [ [ -111.585310, 40.582765 ], [ -111.585065, 40.582966 ], [ -111.584801, 40.582780 ], [ -111.585045, 40.582578 ], [ -111.585310, 40.582765 ] ] ] } }
,
{ "type": "Feature", "properties": { "Shape_Leng": 121.919942, "Shape_Area": 929.029518 }, "geometry": { "type": "Polygon", "coordinates": [ [ [ -111.585045, 40.582578 ], [ -111.584801, 40.582780 ], [ -111.584536, 40.582594 ], [ -111.584780, 40.582392 ], [ -111.585045, 40.582578 ] ] ] } }
,
{ "type": "Feature", "properties": { "Shape_Leng": 121.919796, "Shape_Area": 929.027291 }, "geometry": { "type": "Polygon", "coordinates": [ [ [ -111.584780, 40.582392 ], [ -111.584536, 40.582594 ], [ -111.584271, 40.582408 ], [ -111.584515, 40.582206 ], [ -111.584780, 40.582392 ] ] ] } }
,
{ "type": "Feature", "properties": { "Shape_Leng": 121.920032, "Shape_Area": 929.030885 }, "geometry": { "type": "Polygon", "coordinates": [ [ [ -111.582170, 40.574199 ], [ -111.581836, 40.574096 ], [ -111.581972, 40.573841 ], [ -111.582305, 40.573944 ], [ -111.582170, 40.574199 ] ] ] } }
,
{ "type": "Feature", "properties": { "Shape_Leng": 121.920239, "Shape_Area": 929.034042 }, "geometry": { "type": "Polygon", "coordinates": [ [ [ -111.582305, 40.573944 ], [ -111.581972, 40.573841 ], [ -111.582107, 40.573587 ], [ -111.582441, 40.573690 ], [ -111.582305, 40.573944 ] ] ] } }
,
{ "type": "Feature", "properties": { "Shape_Leng": 121.919978, "Shape_Area": 929.030060 }, "geometry": { "type": "Polygon", "coordinates": [ [ [ -111.582441, 40.573690 ], [ -111.582107, 40.573587 ], [ -111.582243, 40.573332 ], [ -111.582576, 40.573436 ], [ -111.582441, 40.573690 ] ] ] } }
,
{ "type": "Feature", "properties": { "Shape_Leng": 121.919955, "Shape_Area": 929.029720 }, "geometry": { "type": "Polygon", "coordinates": [ [ [ -111.582576, 40.573436 ], [ -111.582243, 40.573332 ], [ -111.582378, 40.573078 ], [ -111.582712, 40.573181 ], [ -111.582576, 40.573436 ] ] ] } }
,
{ "type": "Feature", "properties": { "Shape_Leng": 121.919901, "Shape_Area": 929.028894 }, "geometry": { "type": "Polygon", "coordinates": [ [ [ -111.582712, 40.573181 ], [ -111.582378, 40.573078 ], [ -111.582514, 40.572823 ], [ -111.582847, 40.572927 ], [ -111.582712, 40.573181 ] ] ] } }
,
{ "type": "Feature", "properties": { "Shape_Leng": 121.920079, "Shape_Area": 929.031599 }, "geometry": { "type": "Polygon", "coordinates": [ [ [ -111.587713, 40.584828 ], [ -111.587469, 40.585030 ], [ -111.587204, 40.584844 ], [ -111.587448, 40.584642 ], [ -111.587713, 40.584828 ] ] ] } }
,
{ "type": "Feature", "properties": { "Shape_Leng": 121.919942, "Shape_Area": 929.029518 }, "geometry": { "type": "Polygon", "coordinates": [ [ [ -111.587448, 40.584642 ], [ -111.587204, 40.584844 ], [ -111.586939, 40.584657 ], [ -111.587184, 40.584456 ], [ -111.587448, 40.584642 ] ] ] } }
,
{ "type": "Feature", "properties": { "Shape_Leng": 121.920215, "Shape_Area": 929.033681 }, "geometry": { "type": "Polygon", "coordinates": [ [ [ -111.587184, 40.584456 ], [ -111.586939, 40.584657 ], [ -111.586675, 40.584471 ], [ -111.586919, 40.584269 ], [ -111.587184, 40.584456 ] ] ] } }
,
{ "type": "Feature", "properties": { "Shape_Leng": 121.920220, "Shape_Area": 929.033753 }, "geometry": { "type": "Polygon", "coordinates": [ [ [ -111.586919, 40.584269 ], [ -111.586675, 40.584471 ], [ -111.586410, 40.584285 ], [ -111.586654, 40.584083 ], [ -111.586919, 40.584269 ] ] ] } }
,
{ "type": "Feature", "properties": { "Shape_Leng": 121.919937, "Shape_Area": 929.029445 }, "geometry": { "type": "Polygon", "coordinates": [ [ [ -111.586654, 40.584083 ], [ -111.586410, 40.584285 ], [ -111.586145, 40.584099 ], [ -111.586389, 40.583897 ], [ -111.586654, 40.584083 ] ] ] } }
,
{ "type": "Feature", "properties": { "Shape_Leng": 121.919942, "Shape_Area": 929.029518 }, "geometry": { "type": "Polygon", "coordinates": [ [ [ -111.586389, 40.583897 ], [ -111.586145, 40.584099 ], [ -111.585880, 40.583913 ], [ -111.586125, 40.583711 ], [ -111.586389, 40.583897 ] ] ] } }
,
{ "type": "Feature", "properties": { "Shape_Leng": 121.920366, "Shape_Area": 929.035980 }, "geometry": { "type": "Polygon", "coordinates": [ [ [ -111.586125, 40.583711 ], [ -111.585880, 40.583913 ], [ -111.585616, 40.583727 ], [ -111.585860, 40.583525 ], [ -111.586125, 40.583711 ] ] ] } }
,
{ "type": "Feature", "properties": { "Shape_Leng": 121.919928, "Shape_Area": 929.029299 }, "geometry": { "type": "Polygon", "coordinates": [ [ [ -111.585860, 40.583525 ], [ -111.585616, 40.583727 ], [ -111.585351, 40.583541 ], [ -111.585595, 40.583339 ], [ -111.585860, 40.583525 ] ] ] } }
,
{ "type": "Feature", "properties": { "Shape_Leng": 121.919796, "Shape_Area": 929.027291 }, "geometry": { "type": "Polygon", "coordinates": [ [ [ -111.585595, 40.583339 ], [ -111.585351, 40.583541 ], [ -111.585086, 40.583354 ], [ -111.585330, 40.583153 ], [ -111.585595, 40.583339 ] ] ] } }
,
{ "type": "Feature", "properties": { "Shape_Leng": 121.920069, "Shape_Area": 929.031454 }, "geometry": { "type": "Polygon", "coordinates": [ [ [ -111.585330, 40.583153 ], [ -111.585086, 40.583354 ], [ -111.584821, 40.583168 ], [ -111.585065, 40.582966 ], [ -111.585330, 40.583153 ] ] ] } }
,
{ "type": "Feature", "properties": { "Shape_Leng": 121.919901, "Shape_Area": 929.028894 }, "geometry": { "type": "Polygon", "coordinates": [ [ [ -111.581836, 40.574096 ], [ -111.581503, 40.573992 ], [ -111.581638, 40.573738 ], [ -111.581972, 40.573841 ], [ -111.581836, 40.574096 ] ] ] } }
,
{ "type": "Feature", "properties": { "Shape_Leng": 121.920086, "Shape_Area": 929.031711 }, "geometry": { "type": "Polygon", "coordinates": [ [ [ -111.581972, 40.573841 ], [ -111.581638, 40.573738 ], [ -111.581774, 40.573483 ], [ -111.582107, 40.573587 ], [ -111.581972, 40.573841 ] ] ] } }
,
{ "type": "Feature", "properties": { "Shape_Leng": 121.920108, "Shape_Area": 929.032051 }, "geometry": { "type": "Polygon", "coordinates": [ [ [ -111.582107, 40.573587 ], [ -111.581774, 40.573483 ], [ -111.581909, 40.573229 ], [ -111.582243, 40.573332 ], [ -111.582107, 40.573587 ] ] ] } }
,
{ "type": "Feature", "properties": { "Shape_Leng": 121.920162, "Shape_Area": 929.032876 }, "geometry": { "type": "Polygon", "coordinates": [ [ [ -111.582243, 40.573332 ], [ -111.581909, 40.573229 ], [ -111.582045, 40.572975 ], [ -111.582378, 40.573078 ], [ -111.582243, 40.573332 ] ] ] } }
,
{ "type": "Feature", "properties": { "Shape_Leng": 121.919978, "Shape_Area": 929.030060 }, "geometry": { "type": "Polygon", "coordinates": [ [ [ -111.582378, 40.573078 ], [ -111.582045, 40.572975 ], [ -111.582180, 40.572720 ], [ -111.582514, 40.572823 ], [ -111.582378, 40.573078 ] ] ] } }
,
{ "type": "Feature", "properties": { "Shape_Leng": 121.919640, "Shape_Area": 929.024918 }, "geometry": { "type": "Polygon", "coordinates": [ [ [ -111.587469, 40.585030 ], [ -111.587225, 40.585232 ], [ -111.586960, 40.585045 ], [ -111.587204, 40.584844 ], [ -111.587469, 40.585030 ] ] ] } }
,
{ "type": "Feature", "properties": { "Shape_Leng": 121.919937, "Shape_Area": 929.029445 }, "geometry": { "type": "Polygon", "coordinates": [ [ [ -111.587204, 40.584844 ], [ -111.586960, 40.585045 ], [ -111.586695, 40.584859 ], [ -111.586939, 40.584657 ], [ -111.587204, 40.584844 ] ] ] } }
,
{ "type": "Feature", "properties": { "Shape_Leng": 121.919937, "Shape_Area": 929.029445 }, "geometry": { "type": "Polygon", "coordinates": [ [ [ -111.586939, 40.584657 ], [ -111.586695, 40.584859 ], [ -111.586431, 40.584673 ], [ -111.586675, 40.584471 ], [ -111.586939, 40.584657 ] ] ] } }
,
{ "type": "Feature", "properties": { "Shape_Leng": 121.920079, "Shape_Area": 929.031599 }, "geometry": { "type": "Polygon", "coordinates": [ [ [ -111.586675, 40.584471 ], [ -111.586431, 40.584673 ], [ -111.586166, 40.584487 ], [ -111.586410, 40.584285 ], [ -111.586675, 40.584471 ] ] ] } }
,
{ "type": "Feature", "properties": { "Shape_Leng": 121.919782, "Shape_Area": 929.027072 }, "geometry": { "type": "Polygon", "coordinates": [ [ [ -111.586410, 40.584285 ], [ -111.586166, 40.584487 ], [ -111.585901, 40.584301 ], [ -111.586145, 40.584099 ], [ -111.586410, 40.584285 ] ] ] } }
,
{ "type": "Feature", "properties": { "Shape_Leng": 121.920079, "Shape_Area": 929.031599 }, "geometry": { "type": "Polygon", "coordinates": [ [ [ -111.586145, 40.584099 ], [ -111.585901, 40.584301 ], [ -111.585636, 40.584115 ], [ -111.585880, 40.583913 ], [ -111.586145, 40.584099 ] ] ] } }
,
{ "type": "Feature", "properties": { "Shape_Leng": 121.919942, "Shape_Area": 929.029518 }, "geometry": { "type": "Polygon", "coordinates": [ [ [ -111.585880, 40.583913 ], [ -111.585636, 40.584115 ], [ -111.585371, 40.583929 ], [ -111.585616, 40.583727 ], [ -111.585880, 40.583913 ] ] ] } }
,
{ "type": "Feature", "properties": { "Shape_Leng": 121.919923, "Shape_Area": 929.029227 }, "geometry": { "type": "Polygon", "coordinates": [ [ [ -111.585616, 40.583727 ], [ -111.585371, 40.583929 ], [ -111.585107, 40.583742 ], [ -111.585351, 40.583541 ], [ -111.585616, 40.583727 ] ] ] } }
,
{ "type": "Feature", "properties": { "Shape_Leng": 121.920079, "Shape_Area": 929.031599 }, "geometry": { "type": "Polygon", "coordinates": [ [ [ -111.585351, 40.583541 ], [ -111.585107, 40.583742 ], [ -111.584842, 40.583556 ], [ -111.585086, 40.583354 ], [ -111.585351, 40.583541 ] ] ] } }
,
{ "type": "Feature", "properties": { "Shape_Leng": 121.920074, "Shape_Area": 929.031526 }, "geometry": { "type": "Polygon", "coordinates": [ [ [ -111.585086, 40.583354 ], [ -111.584842, 40.583556 ], [ -111.584577, 40.583370 ], [ -111.584821, 40.583168 ], [ -111.585086, 40.583354 ] ] ] } }
,
{ "type": "Feature", "properties": { "Shape_Leng": 121.919955, "Shape_Area": 929.029720 }, "geometry": { "type": "Polygon", "coordinates": [ [ [ -111.581503, 40.573992 ], [ -111.581169, 40.573889 ], [ -111.581305, 40.573634 ], [ -111.581638, 40.573738 ], [ -111.581503, 40.573992 ] ] ] } }
,
{ "type": "Feature", "properties": { "Shape_Leng": 121.920271, "Shape_Area": 929.034527 }, "geometry": { "type": "Polygon", "coordinates": [ [ [ -111.581638, 40.573738 ], [ -111.581305, 40.573634 ], [ -111.581440, 40.573380 ], [ -111.581774, 40.573483 ], [ -111.581638, 40.573738 ] ] ] } }
,
{ "type": "Feature", "properties": { "Shape_Leng": 121.920162, "Shape_Area": 929.032876 }, "geometry": { "type": "Polygon", "coordinates": [ [ [ -111.581774, 40.573483 ], [ -111.581440, 40.573380 ], [ -111.581576, 40.573126 ], [ -111.581909, 40.573229 ], [ -111.581774, 40.573483 ] ] ] } }
,
{ "type": "Feature", "properties": { "Shape_Leng": 121.919847, "Shape_Area": 929.028069 }, "geometry": { "type": "Polygon", "coordinates": [ [ [ -111.581909, 40.573229 ], [ -111.581576, 40.573126 ], [ -111.581711, 40.572871 ], [ -111.582045, 40.572975 ], [ -111.581909, 40.573229 ] ] ] } }
,
{ "type": "Feature", "properties": { "Shape_Leng": 121.919771, "Shape_Area": 929.026904 }, "geometry": { "type": "Polygon", "coordinates": [ [ [ -111.582045, 40.572975 ], [ -111.581711, 40.572871 ], [ -111.581846, 40.572617 ], [ -111.582180, 40.572720 ], [ -111.582045, 40.572975 ] ] ] } }
,
{ "type": "Feature", "properties": { "Shape_Leng": 121.920083, "Shape_Area": 929.031672 }, "geometry": { "type": "Polygon", "coordinates": [ [ [ -111.587225, 40.585232 ], [ -111.586981, 40.585433 ], [ -111.586716, 40.585247 ], [ -111.586960, 40.585045 ], [ -111.587225, 40.585232 ] ] ] } }
,
{ "type": "Feature", "properties": { "Shape_Leng": 121.920220, "Shape_Area": 929.033753 }, "geometry": { "type": "Polygon", "coordinates": [ [ [ -111.586960, 40.585045 ], [ -111.586716, 40.585247 ], [ -111.586451, 40.585061 ], [ -111.586695, 40.584859 ], [ -111.586960, 40.585045 ] ] ] } }
,
{ "type": "Feature", "properties": { "Shape_Leng": 121.919937, "Shape_Area": 929.029445 }, "geometry": { "type": "Polygon", "coordinates": [ [ [ -111.586695, 40.584859 ], [ -111.586451, 40.585061 ], [ -111.586186, 40.584875 ], [ -111.586431, 40.584673 ], [ -111.586695, 40.584859 ] ] ] } }
,
{ "type": "Feature", "properties": { "Shape_Leng": 121.920230, "Shape_Area": 929.033899 }, "geometry": { "type": "Polygon", "coordinates": [ [ [ -111.586431, 40.584673 ], [ -111.586186, 40.584875 ], [ -111.585922, 40.584689 ], [ -111.586166, 40.584487 ], [ -111.586431, 40.584673 ] ] ] } }
,
{ "type": "Feature", "properties": { "Shape_Leng": 121.919928, "Shape_Area": 929.029300 }, "geometry": { "type": "Polygon", "coordinates": [ [ [ -111.586166, 40.584487 ], [ -111.585922, 40.584689 ], [ -111.585657, 40.584503 ], [ -111.585901, 40.584301 ], [ -111.586166, 40.584487 ] ] ] } }
,
{ "type": "Feature", "properties": { "Shape_Leng": 121.920074, "Shape_Area": 929.031526 }, "geometry": { "type": "Polygon", "coordinates": [ [ [ -111.585901, 40.584301 ], [ -111.585657, 40.584503 ], [ -111.585392, 40.584317 ], [ -111.585636, 40.584115 ], [ -111.585901, 40.584301 ] ] ] } }
,
{ "type": "Feature", "properties": { "Shape_Leng": 121.919937, "Shape_Area": 929.029445 }, "geometry": { "type": "Polygon", "coordinates": [ [ [ -111.585636, 40.584115 ], [ -111.585392, 40.584317 ], [ -111.585127, 40.584130 ], [ -111.585371, 40.583929 ], [ -111.585636, 40.584115 ] ] ] } }
,
{ "type": "Feature", "properties": { "Shape_Leng": 121.919942, "Shape_Area": 929.029518 }, "geometry": { "type": "Polygon", "coordinates": [ [ [ -111.585371, 40.583929 ], [ -111.585127, 40.584130 ], [ -111.584863, 40.583944 ], [ -111.585107, 40.583742 ], [ -111.585371, 40.583929 ] ] ] } }
,
{ "type": "Feature", "properties": { "Shape_Leng": 121.920079, "Shape_Area": 929.031599 }, "geometry": { "type": "Polygon", "coordinates": [ [ [ -111.585107, 40.583742 ], [ -111.584863, 40.583944 ], [ -111.584598, 40.583758 ], [ -111.584842, 40.583556 ], [ -111.585107, 40.583742 ] ] ] } }
,
{ "type": "Feature", "properties": { "Shape_Leng": 121.919937, "Shape_Area": 929.029445 }, "geometry": { "type": "Polygon", "coordinates": [ [ [ -111.584842, 40.583556 ], [ -111.584598, 40.583758 ], [ -111.584333, 40.583572 ], [ -111.584577, 40.583370 ], [ -111.584842, 40.583556 ] ] ] } }
,
{ "type": "Feature", "properties": { "Shape_Leng": 121.920032, "Shape_Area": 929.030885 }, "geometry": { "type": "Polygon", "coordinates": [ [ [ -111.581169, 40.573889 ], [ -111.580835, 40.573786 ], [ -111.580971, 40.573531 ], [ -111.581305, 40.573634 ], [ -111.581169, 40.573889 ] ] ] } }
,
{ "type": "Feature", "properties": { "Shape_Leng": 121.920032, "Shape_Area": 929.030885 }, "geometry": { "type": "Polygon", "coordinates": [ [ [ -111.581305, 40.573634 ], [ -111.580971, 40.573531 ], [ -111.581106, 40.573277 ], [ -111.581440, 40.573380 ], [ -111.581305, 40.573634 ] ] ] } }
,
{ "type": "Feature", "properties": { "Shape_Leng": 121.919771, "Shape_Area": 929.026903 }, "geometry": { "type": "Polygon", "coordinates": [ [ [ -111.581440, 40.573380 ], [ -111.581106, 40.573277 ], [ -111.581242, 40.573022 ], [ -111.581576, 40.573126 ], [ -111.581440, 40.573380 ] ] ] } }
,
{ "type": "Feature", "properties": { "Shape_Leng": 121.920162, "Shape_Area": 929.032876 }, "geometry": { "type": "Polygon", "coordinates": [ [ [ -111.581576, 40.573126 ], [ -111.581242, 40.573022 ], [ -111.581377, 40.572768 ], [ -111.581711, 40.572871 ], [ -111.581576, 40.573126 ] ] ] } }
,
{ "type": "Feature", "properties": { "Shape_Leng": 121.920032, "Shape_Area": 929.030885 }, "geometry": { "type": "Polygon", "coordinates": [ [ [ -111.581711, 40.572871 ], [ -111.581377, 40.572768 ], [ -111.581513, 40.572514 ], [ -111.581846, 40.572617 ], [ -111.581711, 40.572871 ] ] ] } }
,
{ "type": "Feature", "properties": { "Shape_Leng": 121.919937, "Shape_Area": 929.029445 }, "geometry": { "type": "Polygon", "coordinates": [ [ [ -111.586981, 40.585433 ], [ -111.586737, 40.585635 ], [ -111.586472, 40.585449 ], [ -111.586716, 40.585247 ], [ -111.586981, 40.585433 ] ] ] } }
,
{ "type": "Feature", "properties": { "Shape_Leng": 121.920352, "Shape_Area": 929.035762 }, "geometry": { "type": "Polygon", "coordinates": [ [ [ -111.586716, 40.585247 ], [ -111.586472, 40.585449 ], [ -111.586207, 40.585263 ], [ -111.586451, 40.585061 ], [ -111.586716, 40.585247 ] ] ] } }
,
{ "type": "Feature", "properties": { "Shape_Leng": 121.919640, "Shape_Area": 929.024918 }, "geometry": { "type": "Polygon", "coordinates": [ [ [ -111.586451, 40.585061 ], [ -111.586207, 40.585263 ], [ -111.585942, 40.585077 ], [ -111.586186, 40.584875 ], [ -111.586451, 40.585061 ] ] ] } }
,
{ "type": "Feature", "properties": { "Shape_Leng": 121.919942, "Shape_Area": 929.029518 }, "geometry": { "type": "Polygon", "coordinates": [ [ [ -111.586186, 40.584875 ], [ -111.585942, 40.585077 ], [ -111.585677, 40.584891 ], [ -111.585922, 40.584689 ], [ -111.586186, 40.584875 ] ] ] } }
,
{ "type": "Feature", "properties": { "Shape_Leng": 121.920064, "Shape_Area": 929.031381 }, "geometry": { "type": "Polygon", "coordinates": [ [ [ -111.585922, 40.584689 ], [ -111.585677, 40.584891 ], [ -111.585413, 40.584705 ], [ -111.585657, 40.584503 ], [ -111.585922, 40.584689 ] ] ] } }
,
{ "type": "Feature", "properties": { "Shape_Leng": 121.919796, "Shape_Area": 929.027291 }, "geometry": { "type": "Polygon", "coordinates": [ [ [ -111.585657, 40.584503 ], [ -111.585413, 40.584705 ], [ -111.585148, 40.584518 ], [ -111.585392, 40.584317 ], [ -111.585657, 40.584503 ] ] ] } }
,
{ "type": "Feature", "properties": { "Shape_Leng": 121.920079, "Shape_Area": 929.031599 }, "geometry": { "type": "Polygon", "coordinates": [ [ [ -111.585392, 40.584317 ], [ -111.585148, 40.584518 ], [ -111.584883, 40.584332 ], [ -111.585127, 40.584130 ], [ -111.585392, 40.584317 ] ] ] } }
,
{ "type": "Feature", "properties": { "Shape_Leng": 121.920088, "Shape_Area": 929.031745 }, "geometry": { "type": "Polygon", "coordinates": [ [ [ -111.585127, 40.584130 ], [ -111.584883, 40.584332 ], [ -111.584618, 40.584146 ], [ -111.584863, 40.583944 ], [ -111.585127, 40.584130 ] ] ] } }
,
{ "type": "Feature", "properties": { "Shape_Leng": 121.920210, "Shape_Area": 929.033608 }, "geometry": { "type": "Polygon", "coordinates": [ [ [ -111.584863, 40.583944 ], [ -111.584618, 40.584146 ], [ -111.584354, 40.583960 ], [ -111.584598, 40.583758 ], [ -111.584863, 40.583944 ] ] ] } }
,
{ "type": "Feature", "properties": { "Shape_Leng": 121.919772, "Shape_Area": 929.026927 }, "geometry": { "type": "Polygon", "coordinates": [ [ [ -111.584598, 40.583758 ], [ -111.584354, 40.583960 ], [ -111.584089, 40.583774 ], [ -111.584333, 40.583572 ], [ -111.584598, 40.583758 ] ] ] } }
,
{ "type": "Feature", "properties": { "Shape_Leng": 121.919771, "Shape_Area": 929.026904 }, "geometry": { "type": "Polygon", "coordinates": [ [ [ -111.580835, 40.573786 ], [ -111.580502, 40.573682 ], [ -111.580637, 40.573428 ], [ -111.580971, 40.573531 ], [ -111.580835, 40.573786 ] ] ] } }
,
{ "type": "Feature", "properties": { "Shape_Leng": 121.920185, "Shape_Area": 929.033216 }, "geometry": { "type": "Polygon", "coordinates": [ [ [ -111.580971, 40.573531 ], [ -111.580637, 40.573428 ], [ -111.580773, 40.573173 ], [ -111.581106, 40.573277 ], [ -111.580971, 40.573531 ] ] ] } }
,
{ "type": "Feature", "properties": { "Shape_Leng": 121.920108, "Shape_Area": 929.032051 }, "geometry": { "type": "Polygon", "coordinates": [ [ [ -111.581106, 40.573277 ], [ -111.580773, 40.573173 ], [ -111.580908, 40.572919 ], [ -111.581242, 40.573022 ], [ -111.581106, 40.573277 ] ] ] } }
,
{ "type": "Feature", "properties": { "Shape_Leng": 121.919901, "Shape_Area": 929.028894 }, "geometry": { "type": "Polygon", "coordinates": [ [ [ -111.581242, 40.573022 ], [ -111.580908, 40.572919 ], [ -111.581044, 40.572665 ], [ -111.581377, 40.572768 ], [ -111.581242, 40.573022 ] ] ] } }
,
{ "type": "Feature", "properties": { "Shape_Leng": 121.920032, "Shape_Area": 929.030885 }, "geometry": { "type": "Polygon", "coordinates": [ [ [ -111.581377, 40.572768 ], [ -111.581044, 40.572665 ], [ -111.581179, 40.572410 ], [ -111.581513, 40.572514 ], [ -111.581377, 40.572768 ] ] ] } }
,
{ "type": "Feature", "properties": { "Shape_Leng": 121.919796, "Shape_Area": 929.027291 }, "geometry": { "type": "Polygon", "coordinates": [ [ [ -111.586737, 40.585635 ], [ -111.586492, 40.585837 ], [ -111.586228, 40.585651 ], [ -111.586472, 40.585449 ], [ -111.586737, 40.585635 ] ] ] } }
,
{ "type": "Feature", "properties": { "Shape_Leng": 121.920083, "Shape_Area": 929.031672 }, "geometry": { "type": "Polygon", "coordinates": [ [ [ -111.586472, 40.585449 ], [ -111.586228, 40.585651 ], [ -111.585963, 40.585465 ], [ -111.586207, 40.585263 ], [ -111.586472, 40.585449 ] ] ] } }
,
{ "type": "Feature", "properties": { "Shape_Leng": 121.919791, "Shape_Area": 929.027218 }, "geometry": { "type": "Polygon", "coordinates": [ [ [ -111.586207, 40.585263 ], [ -111.585963, 40.585465 ], [ -111.585698, 40.585279 ], [ -111.585942, 40.585077 ], [ -111.586207, 40.585263 ] ] ] } }
,
{ "type": "Feature", "properties": { "Shape_Leng": 121.920225, "Shape_Area": 929.033826 }, "geometry": { "type": "Polygon", "coordinates": [ [ [ -111.585942, 40.585077 ], [ -111.585698, 40.585279 ], [ -111.585433, 40.585093 ], [ -111.585677, 40.584891 ], [ -111.585942, 40.585077 ] ] ] } }
,
{ "type": "Feature", "properties": { "Shape_Leng": 121.920215, "Shape_Area": 929.033681 }, "geometry": { "type": "Polygon", "coordinates": [ [ [ -111.585677, 40.584891 ], [ -111.585433, 40.585093 ], [ -111.585169, 40.584906 ], [ -111.585413, 40.584705 ], [ -111.585677, 40.584891 ] ] ] } }
,
{ "type": "Feature", "properties": { "Shape_Leng": 121.919937, "Shape_Area": 929.029445 }, "geometry": { "type": "Polygon", "coordinates": [ [ [ -111.585413, 40.584705 ], [ -111.585169, 40.584906 ], [ -111.584904, 40.584720 ], [ -111.585148, 40.584518 ], [ -111.585413, 40.584705 ] ] ] } }
,
{ "type": "Feature", "properties": { "Shape_Leng": 121.919937, "Shape_Area": 929.029445 }, "geometry": { "type": "Polygon", "coordinates": [ [ [ -111.585148, 40.584518 ], [ -111.584904, 40.584720 ], [ -111.584639, 40.584534 ], [ -111.584883, 40.584332 ], [ -111.585148, 40.584518 ] ] ] } }
,
{ "type": "Feature", "properties": { "Shape_Leng": 121.920069, "Shape_Area": 929.031453 }, "geometry": { "type": "Polygon", "coordinates": [ [ [ -111.584883, 40.584332 ], [ -111.584639, 40.584534 ], [ -111.584374, 40.584348 ], [ -111.584618, 40.584146 ], [ -111.584883, 40.584332 ] ] ] } }
,
{ "type": "Feature", "properties": { "Shape_Leng": 121.919933, "Shape_Area": 929.029372 }, "geometry": { "type": "Polygon", "coordinates": [ [ [ -111.584618, 40.584146 ], [ -111.584374, 40.584348 ], [ -111.584109, 40.584162 ], [ -111.584354, 40.583960 ], [ -111.584618, 40.584146 ] ] ] } }
,
{ "type": "Feature", "properties": { "Shape_Leng": 121.920074, "Shape_Area": 929.031526 }, "geometry": { "type": "Polygon", "coordinates": [ [ [ -111.584354, 40.583960 ], [ -111.584109, 40.584162 ], [ -111.583845, 40.583976 ], [ -111.584089, 40.583774 ], [ -111.584354, 40.583960 ] ] ] } }
,
{ "type": "Feature", "properties": { "Shape_Leng": 121.920347, "Shape_Area": 929.035693 }, "geometry": { "type": "Polygon", "coordinates": [ [ [ -111.580502, 40.573682 ], [ -111.580168, 40.573579 ], [ -111.580304, 40.573325 ], [ -111.580637, 40.573428 ], [ -111.580502, 40.573682 ] ] ] } }
,
{ "type": "Feature", "properties": { "Shape_Leng": 121.919847, "Shape_Area": 929.028069 }, "geometry": { "type": "Polygon", "coordinates": [ [ [ -111.580637, 40.573428 ], [ -111.580304, 40.573325 ], [ -111.580439, 40.573070 ], [ -111.580773, 40.573173 ], [ -111.580637, 40.573428 ] ] ] } }
,
{ "type": "Feature", "properties": { "Shape_Leng": 121.920032, "Shape_Area": 929.030885 }, "geometry": { "type": "Polygon", "coordinates": [ [ [ -111.580773, 40.573173 ], [ -111.580439, 40.573070 ], [ -111.580575, 40.572816 ], [ -111.580908, 40.572919 ], [ -111.580773, 40.573173 ] ] ] } }
,
{ "type": "Feature", "properties": { "Shape_Leng": 121.920010, "Shape_Area": 929.030545 }, "geometry": { "type": "Polygon", "coordinates": [ [ [ -111.580908, 40.572919 ], [ -111.580575, 40.572816 ], [ -111.580710, 40.572561 ], [ -111.581044, 40.572665 ], [ -111.580908, 40.572919 ] ] ] } }
,
{ "type": "Feature", "properties": { "Shape_Leng": 121.920347, "Shape_Area": 929.035693 }, "geometry": { "type": "Polygon", "coordinates": [ [ [ -111.581044, 40.572665 ], [ -111.580710, 40.572561 ], [ -111.580846, 40.572307 ], [ -111.581179, 40.572410 ], [ -111.581044, 40.572665 ] ] ] } }
,
{ "type": "Feature", "properties": { "Shape_Leng": 121.919801, "Shape_Area": 929.027364 }, "geometry": { "type": "Polygon", "coordinates": [ [ [ -111.586492, 40.585837 ], [ -111.586248, 40.586039 ], [ -111.585984, 40.585853 ], [ -111.586228, 40.585651 ], [ -111.586492, 40.585837 ] ] ] } }
,
{ "type": "Feature", "properties": { "Shape_Leng": 121.920074, "Shape_Area": 929.031526 }, "geometry": { "type": "Polygon", "coordinates": [ [ [ -111.586228, 40.585651 ], [ -111.585984, 40.585853 ], [ -111.585719, 40.585667 ], [ -111.585963, 40.585465 ], [ -111.586228, 40.585651 ] ] ] } }
,
{ "type": "Feature", "properties": { "Shape_Leng": 121.919786, "Shape_Area": 929.027145 }, "geometry": { "type": "Polygon", "coordinates": [ [ [ -111.585963, 40.585465 ], [ -111.585719, 40.585667 ], [ -111.585454, 40.585481 ], [ -111.585698, 40.585279 ], [ -111.585963, 40.585465 ] ] ] } }
,
{ "type": "Feature", "properties": { "Shape_Leng": 121.920083, "Shape_Area": 929.031672 }, "geometry": { "type": "Polygon", "coordinates": [ [ [ -111.585698, 40.585279 ], [ -111.585454, 40.585481 ], [ -111.585189, 40.585294 ], [ -111.585433, 40.585093 ], [ -111.585698, 40.585279 ] ] ] } }
,
{ "type": "Feature", "properties": { "Shape_Leng": 121.920079, "Shape_Area": 929.031599 }, "geometry": { "type": "Polygon", "coordinates": [ [ [ -111.585433, 40.585093 ], [ -111.585189, 40.585294 ], [ -111.584924, 40.585108 ], [ -111.585169, 40.584906 ], [ -111.585433, 40.585093 ] ] ] } }
,
{ "type": "Feature", "properties": { "Shape_Leng": 121.920357, "Shape_Area": 929.035835 }, "geometry": { "type": "Polygon", "coordinates": [ [ [ -111.585169, 40.584906 ], [ -111.584924, 40.585108 ], [ -111.584660, 40.584922 ], [ -111.584904, 40.584720 ], [ -111.585169, 40.584906 ] ] ] } }
,
{ "type": "Feature", "properties": { "Shape_Leng": 121.919937, "Shape_Area": 929.029445 }, "geometry": { "type": "Polygon", "coordinates": [ [ [ -111.584904, 40.584720 ], [ -111.584660, 40.584922 ], [ -111.584395, 40.584736 ], [ -111.584639, 40.584534 ], [ -111.584904, 40.584720 ] ] ] } }
,
{ "type": "Feature", "properties": { "Shape_Leng": 121.919928, "Shape_Area": 929.029299 }, "geometry": { "type": "Polygon", "coordinates": [ [ [ -111.584639, 40.584534 ], [ -111.584395, 40.584736 ], [ -111.584130, 40.584550 ], [ -111.584374, 40.584348 ], [ -111.584639, 40.584534 ] ] ] } }
,
{ "type": "Feature", "properties": { "Shape_Leng": 121.919947, "Shape_Area": 929.029591 }, "geometry": { "type": "Polygon", "coordinates": [ [ [ -111.584374, 40.584348 ], [ -111.584130, 40.584550 ], [ -111.583865, 40.584364 ], [ -111.584109, 40.584162 ], [ -111.584374, 40.584348 ] ] ] } }
,
{ "type": "Feature", "properties": { "Shape_Leng": 121.920361, "Shape_Area": 929.035907 }, "geometry": { "type": "Polygon", "coordinates": [ [ [ -111.584109, 40.584162 ], [ -111.583865, 40.584364 ], [ -111.583601, 40.584178 ], [ -111.583845, 40.583976 ], [ -111.584109, 40.584162 ] ] ] } }
,
{ "type": "Feature", "properties": { "Shape_Leng": 121.919716, "Shape_Area": 929.026078 }, "geometry": { "type": "Polygon", "coordinates": [ [ [ -111.580033, 40.573833 ], [ -111.579699, 40.573730 ], [ -111.579835, 40.573476 ], [ -111.580168, 40.573579 ], [ -111.580033, 40.573833 ] ] ] } }
,
{ "type": "Feature", "properties": { "Shape_Leng": 121.920347, "Shape_Area": 929.035693 }, "geometry": { "type": "Polygon", "coordinates": [ [ [ -111.580168, 40.573579 ], [ -111.579835, 40.573476 ], [ -111.579970, 40.573221 ], [ -111.580304, 40.573325 ], [ -111.580168, 40.573579 ] ] ] } }
,
{ "type": "Feature", "properties": { "Shape_Leng": 121.919955, "Shape_Area": 929.029720 }, "geometry": { "type": "Polygon", "coordinates": [ [ [ -111.580304, 40.573325 ], [ -111.579970, 40.573221 ], [ -111.580106, 40.572967 ], [ -111.580439, 40.573070 ], [ -111.580304, 40.573325 ] ] ] } }
,
{ "type": "Feature", "properties": { "Shape_Leng": 121.919924, "Shape_Area": 929.029234 }, "geometry": { "type": "Polygon", "coordinates": [ [ [ -111.580439, 40.573070 ], [ -111.580106, 40.572967 ], [ -111.580241, 40.572712 ], [ -111.580575, 40.572816 ], [ -111.580439, 40.573070 ] ] ] } }
,
{ "type": "Feature", "properties": { "Shape_Leng": 121.919716, "Shape_Area": 929.026078 }, "geometry": { "type": "Polygon", "coordinates": [ [ [ -111.580575, 40.572816 ], [ -111.580241, 40.572712 ], [ -111.580376, 40.572458 ], [ -111.580710, 40.572561 ], [ -111.580575, 40.572816 ] ] ] } }
,
{ "type": "Feature", "properties": { "Shape_Leng": 121.919978, "Shape_Area": 929.030060 }, "geometry": { "type": "Polygon", "coordinates": [ [ [ -111.580710, 40.572561 ], [ -111.580376, 40.572458 ], [ -111.580512, 40.572204 ], [ -111.580846, 40.572307 ], [ -111.580710, 40.572561 ] ] ] } }
,
{ "type": "Feature", "properties": { "Shape_Leng": 121.919791, "Shape_Area": 929.027218 }, "geometry": { "type": "Polygon", "coordinates": [ [ [ -111.586248, 40.586039 ], [ -111.586004, 40.586241 ], [ -111.585739, 40.586055 ], [ -111.585984, 40.585853 ], [ -111.586248, 40.586039 ] ] ] } }
,
{ "type": "Feature", "properties": { "Shape_Leng": 121.920366, "Shape_Area": 929.035980 }, "geometry": { "type": "Polygon", "coordinates": [ [ [ -111.585984, 40.585853 ], [ -111.585739, 40.586055 ], [ -111.585475, 40.585869 ], [ -111.585719, 40.585667 ], [ -111.585984, 40.585853 ] ] ] } }
,
{ "type": "Feature", "properties": { "Shape_Leng": 121.919942, "Shape_Area": 929.029518 }, "geometry": { "type": "Polygon", "coordinates": [ [ [ -111.585719, 40.585667 ], [ -111.585475, 40.585869 ], [ -111.585210, 40.585682 ], [ -111.585454, 40.585481 ], [ -111.585719, 40.585667 ] ] ] } }
,
{ "type": "Feature", "properties": { "Shape_Leng": 121.919694, "Shape_Area": 929.025738 }, "geometry": { "type": "Polygon", "coordinates": [ [ [ -111.579699, 40.573730 ], [ -111.579365, 40.573627 ], [ -111.579501, 40.573372 ], [ -111.579835, 40.573476 ], [ -111.579699, 40.573730 ] ] ] } }
,
{ "type": "Feature", "properties": { "Shape_Leng": 121.919955, "Shape_Area": 929.029720 }, "geometry": { "type": "Polygon", "coordinates": [ [ [ -111.579835, 40.573476 ], [ -111.579501, 40.573372 ], [ -111.579636, 40.573118 ], [ -111.579970, 40.573221 ], [ -111.579835, 40.573476 ] ] ] } }
,
{ "type": "Feature", "properties": { "Shape_Leng": 121.920108, "Shape_Area": 929.032051 }, "geometry": { "type": "Polygon", "coordinates": [ [ [ -111.579970, 40.573221 ], [ -111.579636, 40.573118 ], [ -111.579772, 40.572864 ], [ -111.580106, 40.572967 ], [ -111.579970, 40.573221 ] ] ] } }
,
{ "type": "Feature", "properties": { "Shape_Leng": 121.919847, "Shape_Area": 929.028069 }, "geometry": { "type": "Polygon", "coordinates": [ [ [ -111.580106, 40.572967 ], [ -111.579772, 40.572864 ], [ -111.579907, 40.572609 ], [ -111.580241, 40.572712 ], [ -111.580106, 40.572967 ] ] ] } }
,
{ "type": "Feature", "properties": { "Shape_Leng": 121.919955, "Shape_Area": 929.029720 }, "geometry": { "type": "Polygon", "coordinates": [ [ [ -111.580241, 40.572712 ], [ -111.579907, 40.572609 ], [ -111.580043, 40.572355 ], [ -111.580376, 40.572458 ], [ -111.580241, 40.572712 ] ] ] } }
,
{ "type": "Feature", "properties": { "Shape_Leng": 121.920162, "Shape_Area": 929.032876 }, "geometry": { "type": "Polygon", "coordinates": [ [ [ -111.580376, 40.572458 ], [ -111.580043, 40.572355 ], [ -111.580178, 40.572100 ], [ -111.580512, 40.572204 ], [ -111.580376, 40.572458 ] ] ] } }
,
{ "type": "Feature", "properties": { "Shape_Leng": 121.920185, "Shape_Area": 929.033216 }, "geometry": { "type": "Polygon", "coordinates": [ [ [ -111.579365, 40.573627 ], [ -111.579032, 40.573523 ], [ -111.579167, 40.573269 ], [ -111.579501, 40.573372 ], [ -111.579365, 40.573627 ] ] ] } }
,
{ "type": "Feature", "properties": { "Shape_Leng": 121.919771, "Shape_Area": 929.026904 }, "geometry": { "type": "Polygon", "coordinates": [ [ [ -111.579501, 40.573372 ], [ -111.579167, 40.573269 ], [ -111.579303, 40.573015 ], [ -111.579636, 40.573118 ], [ -111.579501, 40.573372 ] ] ] } }
,
{ "type": "Feature", "properties": { "Shape_Leng": 121.920217, "Shape_Area": 929.033702 }, "geometry": { "type": "Polygon", "coordinates": [ [ [ -111.579636, 40.573118 ], [ -111.579303, 40.573015 ], [ -111.579438, 40.572760 ], [ -111.579772, 40.572864 ], [ -111.579636, 40.573118 ] ] ] } }
,
{ "type": "Feature", "properties": { "Shape_Leng": 121.919716, "Shape_Area": 929.026078 }, "geometry": { "type": "Polygon", "coordinates": [ [ [ -111.579772, 40.572864 ], [ -111.579438, 40.572760 ], [ -111.579574, 40.572506 ], [ -111.579907, 40.572609 ], [ -111.579772, 40.572864 ] ] ] } }
,
{ "type": "Feature", "properties": { "Shape_Leng": 121.919924, "Shape_Area": 929.029234 }, "geometry": { "type": "Polygon", "coordinates": [ [ [ -111.579907, 40.572609 ], [ -111.579574, 40.572506 ], [ -111.579709, 40.572251 ], [ -111.580043, 40.572355 ], [ -111.579907, 40.572609 ] ] ] } }
,
{ "type": "Feature", "properties": { "Shape_Leng": 121.919716, "Shape_Area": 929.026078 }, "geometry": { "type": "Polygon", "coordinates": [ [ [ -111.580043, 40.572355 ], [ -111.579709, 40.572251 ], [ -111.579845, 40.571997 ], [ -111.580178, 40.572100 ], [ -111.580043, 40.572355 ] ] ] } }
,
{ "type": "Feature", "properties": { "Shape_Leng": 121.919978, "Shape_Area": 929.030060 }, "geometry": { "type": "Polygon", "coordinates": [ [ [ -111.579032, 40.573523 ], [ -111.578698, 40.573420 ], [ -111.578834, 40.573166 ], [ -111.579167, 40.573269 ], [ -111.579032, 40.573523 ] ] ] } }
,
{ "type": "Feature", "properties": { "Shape_Leng": 121.919716, "Shape_Area": 929.026078 }, "geometry": { "type": "Polygon", "coordinates": [ [ [ -111.579167, 40.573269 ], [ -111.578834, 40.573166 ], [ -111.578969, 40.572911 ], [ -111.579303, 40.573015 ], [ -111.579167, 40.573269 ] ] ] } }
,
{ "type": "Feature", "properties": { "Shape_Leng": 121.919978, "Shape_Area": 929.030060 }, "geometry": { "type": "Polygon", "coordinates": [ [ [ -111.579303, 40.573015 ], [ -111.578969, 40.572911 ], [ -111.579105, 40.572657 ], [ -111.579438, 40.572760 ], [ -111.579303, 40.573015 ] ] ] } }
,
{ "type": "Feature", "properties": { "Shape_Leng": 121.919901, "Shape_Area": 929.028894 }, "geometry": { "type": "Polygon", "coordinates": [ [ [ -111.579438, 40.572760 ], [ -111.579105, 40.572657 ], [ -111.579240, 40.572403 ], [ -111.579574, 40.572506 ], [ -111.579438, 40.572760 ] ] ] } }
,
{ "type": "Feature", "properties": { "Shape_Leng": 121.920217, "Shape_Area": 929.033702 }, "geometry": { "type": "Polygon", "coordinates": [ [ [ -111.579574, 40.572506 ], [ -111.579240, 40.572403 ], [ -111.579376, 40.572148 ], [ -111.579709, 40.572251 ], [ -111.579574, 40.572506 ] ] ] } }
,
{ "type": "Feature", "properties": { "Shape_Leng": 121.919423, "Shape_Area": 929.021611 }, "geometry": { "type": "Polygon", "coordinates": [ [ [ -111.579709, 40.572251 ], [ -111.579376, 40.572148 ], [ -111.579511, 40.571894 ], [ -111.579845, 40.571997 ], [ -111.579709, 40.572251 ] ] ] } }
,
{ "type": "Feature", "properties": { "Shape_Leng": 121.920140, "Shape_Area": 929.032536 }, "geometry": { "type": "Polygon", "coordinates": [ [ [ -111.578698, 40.573420 ], [ -111.578365, 40.573317 ], [ -111.578500, 40.573062 ], [ -111.578834, 40.573166 ], [ -111.578698, 40.573420 ] ] ] } }
,
{ "type": "Feature", "properties": { "Shape_Leng": 121.920239, "Shape_Area": 929.034042 }, "geometry": { "type": "Polygon", "coordinates": [ [ [ -111.578834, 40.573166 ], [ -111.578500, 40.573062 ], [ -111.578635, 40.572808 ], [ -111.578969, 40.572911 ], [ -111.578834, 40.573166 ] ] ] } }
,
{ "type": "Feature", "properties": { "Shape_Leng": 121.920010, "Shape_Area": 929.030546 }, "geometry": { "type": "Polygon", "coordinates": [ [ [ -111.578969, 40.572911 ], [ -111.578635, 40.572808 ], [ -111.578771, 40.572554 ], [ -111.579105, 40.572657 ], [ -111.578969, 40.572911 ] ] ] } }
,
{ "type": "Feature", "properties": { "Shape_Leng": 121.920162, "Shape_Area": 929.032876 }, "geometry": { "type": "Polygon", "coordinates": [ [ [ -111.579105, 40.572657 ], [ -111.578771, 40.572554 ], [ -111.578906, 40.572299 ], [ -111.579240, 40.572403 ], [ -111.579105, 40.572657 ] ] ] } }
,
{ "type": "Feature", "properties": { "Shape_Leng": 121.920347, "Shape_Area": 929.035693 }, "geometry": { "type": "Polygon", "coordinates": [ [ [ -111.579240, 40.572403 ], [ -111.578906, 40.572299 ], [ -111.579042, 40.572045 ], [ -111.579376, 40.572148 ], [ -111.579240, 40.572403 ] ] ] } }
,
{ "type": "Feature", "properties": { "Shape_Leng": 121.919793, "Shape_Area": 929.027243 }, "geometry": { "type": "Polygon", "coordinates": [ [ [ -111.579376, 40.572148 ], [ -111.579042, 40.572045 ], [ -111.579177, 40.571790 ], [ -111.579511, 40.571894 ], [ -111.579376, 40.572148 ] ] ] } }
,
{ "type": "Feature", "properties": { "Shape_Leng": 121.919771, "Shape_Area": 929.026904 }, "geometry": { "type": "Polygon", "coordinates": [ [ [ -111.578365, 40.573317 ], [ -111.578031, 40.573213 ], [ -111.578166, 40.572959 ], [ -111.578500, 40.573062 ], [ -111.578365, 40.573317 ] ] ] } }
,
{ "type": "Feature", "properties": { "Shape_Leng": 121.919793, "Shape_Area": 929.027243 }, "geometry": { "type": "Polygon", "coordinates": [ [ [ -111.578500, 40.573062 ], [ -111.578166, 40.572959 ], [ -111.578302, 40.572705 ], [ -111.578635, 40.572808 ], [ -111.578500, 40.573062 ] ] ] } }
,
{ "type": "Feature", "properties": { "Shape_Leng": 121.919608, "Shape_Area": 929.024427 }, "geometry": { "type": "Polygon", "coordinates": [ [ [ -111.578635, 40.572808 ], [ -111.578302, 40.572705 ], [ -111.578437, 40.572450 ], [ -111.578771, 40.572554 ], [ -111.578635, 40.572808 ] ] ] } }
,
{ "type": "Feature", "properties": { "Shape_Leng": 121.919847, "Shape_Area": 929.028069 }, "geometry": { "type": "Polygon", "coordinates": [ [ [ -111.578771, 40.572554 ], [ -111.578437, 40.572450 ], [ -111.578573, 40.572196 ], [ -111.578906, 40.572299 ], [ -111.578771, 40.572554 ] ] ] } }
,
{ "type": "Feature", "properties": { "Shape_Leng": 121.919955, "Shape_Area": 929.029720 }, "geometry": { "type": "Polygon", "coordinates": [ [ [ -111.578906, 40.572299 ], [ -111.578573, 40.572196 ], [ -111.578708, 40.571941 ], [ -111.579042, 40.572045 ], [ -111.578906, 40.572299 ] ] ] } }
,
{ "type": "Feature", "properties": { "Shape_Leng": 121.919771, "Shape_Area": 929.026903 }, "geometry": { "type": "Polygon", "coordinates": [ [ [ -111.579042, 40.572045 ], [ -111.578708, 40.571941 ], [ -111.578844, 40.571687 ], [ -111.579177, 40.571790 ], [ -111.579042, 40.572045 ] ] ] } }
,
{ "type": "Feature", "properties": { "Shape_Leng": 121.920217, "Shape_Area": 929.033702 }, "geometry": { "type": "Polygon", "coordinates": [ [ [ -111.578031, 40.573213 ], [ -111.577697, 40.573110 ], [ -111.577833, 40.572856 ], [ -111.578166, 40.572959 ], [ -111.578031, 40.573213 ] ] ] } }
,
{ "type": "Feature", "properties": { "Shape_Leng": 121.920140, "Shape_Area": 929.032536 }, "geometry": { "type": "Polygon", "coordinates": [ [ [ -111.578166, 40.572959 ], [ -111.577833, 40.572856 ], [ -111.577968, 40.572601 ], [ -111.578302, 40.572705 ], [ -111.578166, 40.572959 ] ] ] } }
,
{ "type": "Feature", "properties": { "Shape_Leng": 121.920086, "Shape_Area": 929.031711 }, "geometry": { "type": "Polygon", "coordinates": [ [ [ -111.578302, 40.572705 ], [ -111.577968, 40.572601 ], [ -111.578104, 40.572347 ], [ -111.578437, 40.572450 ], [ -111.578302, 40.572705 ] ] ] } }
,
{ "type": "Feature", "properties": { "Shape_Leng": 121.919978, "Shape_Area": 929.030060 }, "geometry": { "type": "Polygon", "coordinates": [ [ [ -111.578437, 40.572450 ], [ -111.578104, 40.572347 ], [ -111.578239, 40.572093 ], [ -111.578573, 40.572196 ], [ -111.578437, 40.572450 ] ] ] } }
,
{ "type": "Feature", "properties": { "Shape_Leng": 121.920108, "Shape_Area": 929.032051 }, "geometry": { "type": "Polygon", "coordinates": [ [ [ -111.578573, 40.572196 ], [ -111.578239, 40.572093 ], [ -111.578375, 40.571838 ], [ -111.578708, 40.571941 ], [ -111.578573, 40.572196 ] ] ] } }
,
{ "type": "Feature", "properties": { "Shape_Leng": 121.920271, "Shape_Area": 929.034527 }, "geometry": { "type": "Polygon", "coordinates": [ [ [ -111.578708, 40.571941 ], [ -111.578375, 40.571838 ], [ -111.578510, 40.571584 ], [ -111.578844, 40.571687 ], [ -111.578708, 40.571941 ] ] ] } }
,
{ "type": "Feature", "properties": { "Shape_Leng": 121.920108, "Shape_Area": 929.032051 }, "geometry": { "type": "Polygon", "coordinates": [ [ [ -111.577697, 40.573110 ], [ -111.577364, 40.573007 ], [ -111.577499, 40.572752 ], [ -111.577833, 40.572856 ], [ -111.577697, 40.573110 ] ] ] } }
,
{ "type": "Feature", "properties": { "Shape_Leng": 121.920086, "Shape_Area": 929.031711 }, "geometry": { "type": "Polygon", "coordinates": [ [ [ -111.577833, 40.572856 ], [ -111.577499, 40.572752 ], [ -111.577635, 40.572498 ], [ -111.577968, 40.572601 ], [ -111.577833, 40.572856 ] ] ] } }
,
{ "type": "Feature", "properties": { "Shape_Leng": 121.920162, "Shape_Area": 929.032876 }, "geometry": { "type": "Polygon", "coordinates": [ [ [ -111.577968, 40.572601 ], [ -111.577635, 40.572498 ], [ -111.577770, 40.572244 ], [ -111.578104, 40.572347 ], [ -111.577968, 40.572601 ] ] ] } }
,
{ "type": "Feature", "properties": { "Shape_Leng": 121.920054, "Shape_Area": 929.031225 }, "geometry": { "type": "Polygon", "coordinates": [ [ [ -111.578104, 40.572347 ], [ -111.577770, 40.572244 ], [ -111.577906, 40.571989 ], [ -111.578239, 40.572093 ], [ -111.578104, 40.572347 ] ] ] } }
,
{ "type": "Feature", "properties": { "Shape_Leng": 121.919825, "Shape_Area": 929.027729 }, "geometry": { "type": "Polygon", "coordinates": [ [ [ -111.578239, 40.572093 ], [ -111.577906, 40.571989 ], [ -111.578041, 40.571735 ], [ -111.578375, 40.571838 ], [ -111.578239, 40.572093 ] ] ] } }
,
{ "type": "Feature", "properties": { "Shape_Leng": 121.919847, "Shape_Area": 929.028069 }, "geometry": { "type": "Polygon", "coordinates": [ [ [ -111.578375, 40.571838 ], [ -111.578041, 40.571735 ], [ -111.578177, 40.571480 ], [ -111.578510, 40.571584 ], [ -111.578375, 40.571838 ] ] ] } }
,
{ "type": "Feature", "properties": { "Shape_Leng": 121.920086, "Shape_Area": 929.031711 }, "geometry": { "type": "Polygon", "coordinates": [ [ [ -111.577364, 40.573007 ], [ -111.577030, 40.572904 ], [ -111.577165, 40.572649 ], [ -111.577499, 40.572752 ], [ -111.577364, 40.573007 ] ] ] } }
,
{ "type": "Feature", "properties": { "Shape_Leng": 121.920108, "Shape_Area": 929.032051 }, "geometry": { "type": "Polygon", "coordinates": [ [ [ -111.577499, 40.572752 ], [ -111.577165, 40.572649 ], [ -111.577301, 40.572395 ], [ -111.577635, 40.572498 ], [ -111.577499, 40.572752 ] ] ] } }
,
{ "type": "Feature", "properties": { "Shape_Leng": 121.920086, "Shape_Area": 929.031711 }, "geometry": { "type": "Polygon", "coordinates": [ [ [ -111.577635, 40.572498 ], [ -111.577301, 40.572395 ], [ -111.577436, 40.572140 ], [ -111.577770, 40.572244 ], [ -111.577635, 40.572498 ] ] ] } }
,
{ "type": "Feature", "properties": { "Shape_Leng": 121.919847, "Shape_Area": 929.028069 }, "geometry": { "type": "Polygon", "coordinates": [ [ [ -111.577770, 40.572244 ], [ -111.577436, 40.572140 ], [ -111.577572, 40.571886 ], [ -111.577906, 40.571989 ], [ -111.577770, 40.572244 ] ] ] } }
,
{ "type": "Feature", "properties": { "Shape_Leng": 121.919716, "Shape_Area": 929.026078 }, "geometry": { "type": "Polygon", "coordinates": [ [ [ -111.577906, 40.571989 ], [ -111.577572, 40.571886 ], [ -111.577707, 40.571632 ], [ -111.578041, 40.571735 ], [ -111.577906, 40.571989 ] ] ] } }
,
{ "type": "Feature", "properties": { "Shape_Leng": 121.919978, "Shape_Area": 929.030060 }, "geometry": { "type": "Polygon", "coordinates": [ [ [ -111.578041, 40.571735 ], [ -111.577707, 40.571632 ], [ -111.577843, 40.571377 ], [ -111.578177, 40.571480 ], [ -111.578041, 40.571735 ] ] ] } }

]
}
