{
"type": "FeatureCollection",
"features": [
{ "type": "Feature", "properties": { "Shape_Leng": 121.920059, "Shape_Area": 929.031304 }, "geometry": { "type": "Polygon", "coordinates": [ [ [ -111.588389, 40.569644 ], [ -111.588259, 40.569901 ], [ -111.587923, 40.569802 ], [ -111.588053, 40.569545 ], [ -111.588389, 40.569644 ] ] ] } }
,
{ "type": "Feature", "properties": { "Shape_Leng": 121.920133, "Shape_Area": 929.032421 }, "geometry": { "type": "Polygon", "coordinates": [ [ [ -111.588053, 40.569545 ], [ -111.587923, 40.569802 ], [ -111.587587, 40.569703 ], [ -111.587717, 40.569447 ], [ -111.588053, 40.569545 ] ] ] } }
,
{ "type": "Feature", "properties": { "Shape_Leng": 121.920319, "Shape_Area": 929.035257 }, "geometry": { "type": "Polygon", "coordinates": [ [ [ -111.587717, 40.569447 ], [ -111.587587, 40.569703 ], [ -111.587251, 40.569604 ], [ -111.587381, 40.569348 ], [ -111.587717, 40.569447 ] ] ] } }
,
{ "type": "Feature", "properties": { "Shape_Leng": 121.919873, "Shape_Area": 929.028468 }, "geometry": { "type": "Polygon", "coordinates": [ [ [ -111.587381, 40.569348 ], [ -111.587251, 40.569604 ], [ -111.586915, 40.569505 ], [ -111.587045, 40.569249 ], [ -111.587381, 40.569348 ] ] ] } }
,
{ "type": "Feature", "properties": { "Shape_Leng": 121.920133, "Shape_Area": 929.032421 }, "geometry": { "type": "Polygon", "coordinates": [ [ [ -111.587045, 40.569249 ], [ -111.586915, 40.569505 ], [ -111.586579, 40.569406 ], [ -111.586709, 40.569150 ], [ -111.587045, 40.569249 ] ] ] } }
,
{ "type": "Feature", "properties": { "Shape_Leng": 121.920059, "Shape_Area": 929.031304 }, "geometry": { "type": "Polygon", "coordinates": [ [ [ -111.586709, 40.569150 ], [ -111.586579, 40.569406 ], [ -111.586243, 40.569307 ], [ -111.586373, 40.569051 ], [ -111.586709, 40.569150 ] ] ] } }
,
{ "type": "Feature", "properties": { "Shape_Leng": 121.920042, "Shape_Area": 929.031047 }, "geometry": { "type": "Polygon", "coordinates": [ [ [ -111.586373, 40.569051 ], [ -111.586243, 40.569307 ], [ -111.585907, 40.569208 ], [ -111.586037, 40.568952 ], [ -111.586373, 40.569051 ] ] ] } }
,
{ "type": "Feature", "properties": { "Shape_Leng": 121.919856, "Shape_Area": 929.028211 }, "geometry": { "type": "Polygon", "coordinates": [ [ [ -111.588259, 40.569901 ], [ -111.588129, 40.570157 ], [ -111.587793, 40.570058 ], [ -111.587923, 40.569802 ], [ -111.588259, 40.569901 ] ] ] } }
,
{ "type": "Feature", "properties": { "Shape_Leng": 121.919687, "Shape_Area": 929.025632 }, "geometry": { "type": "Polygon", "coordinates": [ [ [ -111.587923, 40.569802 ], [ -111.587793, 40.570058 ], [ -111.587457, 40.569959 ], [ -111.587587, 40.569703 ], [ -111.587923, 40.569802 ] ] ] } }
,
{ "type": "Feature", "properties": { "Shape_Leng": 121.919930, "Shape_Area": 929.029328 }, "geometry": { "type": "Polygon", "coordinates": [ [ [ -111.587587, 40.569703 ], [ -111.587457, 40.569959 ], [ -111.587121, 40.569860 ], [ -111.587251, 40.569604 ], [ -111.587587, 40.569703 ] ] ] } }
,
{ "type": "Feature", "properties": { "Shape_Leng": 121.919986, "Shape_Area": 929.030188 }, "geometry": { "type": "Polygon", "coordinates": [ [ [ -111.587251, 40.569604 ], [ -111.587121, 40.569860 ], [ -111.586785, 40.569761 ], [ -111.586915, 40.569505 ], [ -111.587251, 40.569604 ] ] ] } }
,
{ "type": "Feature", "properties": { "Shape_Leng": 121.920116, "Shape_Area": 929.032164 }, "geometry": { "type": "Polygon", "coordinates": [ [ [ -111.586915, 40.569505 ], [ -111.586785, 40.569761 ], [ -111.586450, 40.569662 ], [ -111.586579, 40.569406 ], [ -111.586915, 40.569505 ] ] ] } }
,
{ "type": "Feature", "properties": { "Shape_Leng": 121.919670, "Shape_Area": 929.025375 }, "geometry": { "type": "Polygon", "coordinates": [ [ [ -111.586579, 40.569406 ], [ -111.586450, 40.569662 ], [ -111.586114, 40.569563 ], [ -111.586243, 40.569307 ], [ -111.586579, 40.569406 ] ] ] } }
,
{ "type": "Feature", "properties": { "Shape_Leng": 121.920375, "Shape_Area": 929.036117 }, "geometry": { "type": "Polygon", "coordinates": [ [ [ -111.586243, 40.569307 ], [ -111.586114, 40.569563 ], [ -111.585778, 40.569465 ], [ -111.585907, 40.569208 ], [ -111.586243, 40.569307 ] ] ] } }
,
{ "type": "Feature", "properties": { "Shape_Leng": 121.920319, "Shape_Area": 929.035257 }, "geometry": { "type": "Polygon", "coordinates": [ [ [ -111.588129, 40.570157 ], [ -111.588000, 40.570413 ], [ -111.587664, 40.570314 ], [ -111.587793, 40.570058 ], [ -111.588129, 40.570157 ] ] ] } }
,
{ "type": "Feature", "properties": { "Shape_Leng": 121.920245, "Shape_Area": 929.034140 }, "geometry": { "type": "Polygon", "coordinates": [ [ [ -111.587793, 40.570058 ], [ -111.587664, 40.570314 ], [ -111.587328, 40.570215 ], [ -111.587457, 40.569959 ], [ -111.587793, 40.570058 ] ] ] } }
,
{ "type": "Feature", "properties": { "Shape_Leng": 121.919946, "Shape_Area": 929.029585 }, "geometry": { "type": "Polygon", "coordinates": [ [ [ -111.587457, 40.569959 ], [ -111.587328, 40.570215 ], [ -111.586992, 40.570116 ], [ -111.587121, 40.569860 ], [ -111.587457, 40.569959 ] ] ] } }
,
{ "type": "Feature", "properties": { "Shape_Leng": 121.919873, "Shape_Area": 929.028468 }, "geometry": { "type": "Polygon", "coordinates": [ [ [ -111.587121, 40.569860 ], [ -111.586992, 40.570116 ], [ -111.586656, 40.570017 ], [ -111.586785, 40.569761 ], [ -111.587121, 40.569860 ] ] ] } }
,
{ "type": "Feature", "properties": { "Shape_Leng": 121.920076, "Shape_Area": 929.031561 }, "geometry": { "type": "Polygon", "coordinates": [ [ [ -111.586785, 40.569761 ], [ -111.586656, 40.570017 ], [ -111.586320, 40.569918 ], [ -111.586450, 40.569662 ], [ -111.586785, 40.569761 ] ] ] } }
,
{ "type": "Feature", "properties": { "Shape_Leng": 121.919817, "Shape_Area": 929.027608 }, "geometry": { "type": "Polygon", "coordinates": [ [ [ -111.586450, 40.569662 ], [ -111.586320, 40.569918 ], [ -111.585984, 40.569820 ], [ -111.586114, 40.569563 ], [ -111.586450, 40.569662 ] ] ] } }
,
{ "type": "Feature", "properties": { "Shape_Leng": 121.920133, "Shape_Area": 929.032421 }, "geometry": { "type": "Polygon", "coordinates": [ [ [ -111.586114, 40.569563 ], [ -111.585984, 40.569820 ], [ -111.585648, 40.569721 ], [ -111.585778, 40.569465 ], [ -111.586114, 40.569563 ] ] ] } }
,
{ "type": "Feature", "properties": { "Shape_Leng": 121.919800, "Shape_Area": 929.027351 }, "geometry": { "type": "Polygon", "coordinates": [ [ [ -111.588000, 40.570413 ], [ -111.587870, 40.570669 ], [ -111.587534, 40.570570 ], [ -111.587664, 40.570314 ], [ -111.588000, 40.570413 ] ] ] } }
,
{ "type": "Feature", "properties": { "Shape_Leng": 121.920042, "Shape_Area": 929.031047 }, "geometry": { "type": "Polygon", "coordinates": [ [ [ -111.587664, 40.570314 ], [ -111.587534, 40.570570 ], [ -111.587198, 40.570471 ], [ -111.587328, 40.570215 ], [ -111.587664, 40.570314 ] ] ] } }
,
{ "type": "Feature", "properties": { "Shape_Leng": 121.919946, "Shape_Area": 929.029584 }, "geometry": { "type": "Polygon", "coordinates": [ [ [ -111.587328, 40.570215 ], [ -111.587198, 40.570471 ], [ -111.586862, 40.570372 ], [ -111.586992, 40.570116 ], [ -111.587328, 40.570215 ] ] ] } }
,
{ "type": "Feature", "properties": { "Shape_Leng": 121.920245, "Shape_Area": 929.034140 }, "geometry": { "type": "Polygon", "coordinates": [ [ [ -111.586992, 40.570116 ], [ -111.586862, 40.570372 ], [ -111.586526, 40.570273 ], [ -111.586656, 40.570017 ], [ -111.586992, 40.570116 ] ] ] } }
,
{ "type": "Feature", "properties": { "Shape_Leng": 121.920003, "Shape_Area": 929.030444 }, "geometry": { "type": "Polygon", "coordinates": [ [ [ -111.586656, 40.570017 ], [ -111.586526, 40.570273 ], [ -111.586190, 40.570175 ], [ -111.586320, 40.569918 ], [ -111.586656, 40.570017 ] ] ] } }
,
{ "type": "Feature", "properties": { "Shape_Leng": 121.920245, "Shape_Area": 929.034140 }, "geometry": { "type": "Polygon", "coordinates": [ [ [ -111.586320, 40.569918 ], [ -111.586190, 40.570175 ], [ -111.585854, 40.570076 ], [ -111.585984, 40.569820 ], [ -111.586320, 40.569918 ] ] ] } }
,
{ "type": "Feature", "properties": { "Shape_Leng": 121.920116, "Shape_Area": 929.032164 }, "geometry": { "type": "Polygon", "coordinates": [ [ [ -111.585984, 40.569820 ], [ -111.585854, 40.570076 ], [ -111.585518, 40.569977 ], [ -111.585648, 40.569721 ], [ -111.585984, 40.569820 ] ] ] } }
,
{ "type": "Feature", "properties": { "Shape_Leng": 121.920059, "Shape_Area": 929.031304 }, "geometry": { "type": "Polygon", "coordinates": [ [ [ -111.587870, 40.570669 ], [ -111.587740, 40.570925 ], [ -111.587404, 40.570826 ], [ -111.587534, 40.570570 ], [ -111.587870, 40.570669 ] ] ] } }
,
{ "type": "Feature", "properties": { "Shape_Leng": 121.920189, "Shape_Area": 929.033280 }, "geometry": { "type": "Polygon", "coordinates": [ [ [ -111.587534, 40.570570 ], [ -111.587404, 40.570826 ], [ -111.587068, 40.570727 ], [ -111.587198, 40.570471 ], [ -111.587534, 40.570570 ] ] ] } }
,
{ "type": "Feature", "properties": { "Shape_Leng": 121.919557, "Shape_Area": 929.023656 }, "geometry": { "type": "Polygon", "coordinates": [ [ [ -111.587198, 40.570471 ], [ -111.587068, 40.570727 ], [ -111.586732, 40.570629 ], [ -111.586862, 40.570372 ], [ -111.587198, 40.570471 ] ] ] } }
,
{ "type": "Feature", "properties": { "Shape_Leng": 121.920133, "Shape_Area": 929.032421 }, "geometry": { "type": "Polygon", "coordinates": [ [ [ -111.586862, 40.570372 ], [ -111.586732, 40.570629 ], [ -111.586396, 40.570530 ], [ -111.586526, 40.570273 ], [ -111.586862, 40.570372 ] ] ] } }
,
{ "type": "Feature", "properties": { "Shape_Leng": 121.919817, "Shape_Area": 929.027608 }, "geometry": { "type": "Polygon", "coordinates": [ [ [ -111.586526, 40.570273 ], [ -111.586396, 40.570530 ], [ -111.586061, 40.570431 ], [ -111.586190, 40.570175 ], [ -111.586526, 40.570273 ] ] ] } }
,
{ "type": "Feature", "properties": { "Shape_Leng": 121.919930, "Shape_Area": 929.029328 }, "geometry": { "type": "Polygon", "coordinates": [ [ [ -111.586190, 40.570175 ], [ -111.586061, 40.570431 ], [ -111.585725, 40.570332 ], [ -111.585854, 40.570076 ], [ -111.586190, 40.570175 ] ] ] } }
,
{ "type": "Feature", "properties": { "Shape_Leng": 121.919800, "Shape_Area": 929.027351 }, "geometry": { "type": "Polygon", "coordinates": [ [ [ -111.585854, 40.570076 ], [ -111.585725, 40.570332 ], [ -111.585389, 40.570233 ], [ -111.585518, 40.569977 ], [ -111.585854, 40.570076 ] ] ] } }
,
{ "type": "Feature", "properties": { "Shape_Leng": 121.920133, "Shape_Area": 929.032421 }, "geometry": { "type": "Polygon", "coordinates": [ [ [ -111.589420, 40.571420 ], [ -111.589290, 40.571676 ], [ -111.588954, 40.571577 ], [ -111.589084, 40.571321 ], [ -111.589420, 40.571420 ] ] ] } }
,
{ "type": "Feature", "properties": { "Shape_Leng": 121.919744, "Shape_Area": 929.026492 }, "geometry": { "type": "Polygon", "coordinates": [ [ [ -111.589084, 40.571321 ], [ -111.588954, 40.571577 ], [ -111.588618, 40.571478 ], [ -111.588748, 40.571222 ], [ -111.589084, 40.571321 ] ] ] } }
,
{ "type": "Feature", "properties": { "Shape_Leng": 121.919986, "Shape_Area": 929.030188 }, "geometry": { "type": "Polygon", "coordinates": [ [ [ -111.588748, 40.571222 ], [ -111.588618, 40.571478 ], [ -111.588282, 40.571379 ], [ -111.588412, 40.571123 ], [ -111.588748, 40.571222 ] ] ] } }
,
{ "type": "Feature", "properties": { "Shape_Leng": 121.919783, "Shape_Area": 929.027095 }, "geometry": { "type": "Polygon", "coordinates": [ [ [ -111.588412, 40.571123 ], [ -111.588282, 40.571379 ], [ -111.587946, 40.571280 ], [ -111.588076, 40.571024 ], [ -111.588412, 40.571123 ] ] ] } }
,
{ "type": "Feature", "properties": { "Shape_Leng": 121.920133, "Shape_Area": 929.032421 }, "geometry": { "type": "Polygon", "coordinates": [ [ [ -111.588076, 40.571024 ], [ -111.587946, 40.571280 ], [ -111.587611, 40.571181 ], [ -111.587740, 40.570925 ], [ -111.588076, 40.571024 ] ] ] } }
,
{ "type": "Feature", "properties": { "Shape_Leng": 121.919930, "Shape_Area": 929.029328 }, "geometry": { "type": "Polygon", "coordinates": [ [ [ -111.587740, 40.570925 ], [ -111.587611, 40.571181 ], [ -111.587275, 40.571082 ], [ -111.587404, 40.570826 ], [ -111.587740, 40.570925 ] ] ] } }
,
{ "type": "Feature", "properties": { "Shape_Leng": 121.920116, "Shape_Area": 929.032164 }, "geometry": { "type": "Polygon", "coordinates": [ [ [ -111.587404, 40.570826 ], [ -111.587275, 40.571082 ], [ -111.586939, 40.570984 ], [ -111.587068, 40.570727 ], [ -111.587404, 40.570826 ] ] ] } }
,
{ "type": "Feature", "properties": { "Shape_Leng": 121.919873, "Shape_Area": 929.028468 }, "geometry": { "type": "Polygon", "coordinates": [ [ [ -111.587068, 40.570727 ], [ -111.586939, 40.570984 ], [ -111.586603, 40.570885 ], [ -111.586732, 40.570629 ], [ -111.587068, 40.570727 ] ] ] } }
,
{ "type": "Feature", "properties": { "Shape_Leng": 121.920189, "Shape_Area": 929.033280 }, "geometry": { "type": "Polygon", "coordinates": [ [ [ -111.586732, 40.570629 ], [ -111.586603, 40.570885 ], [ -111.586267, 40.570786 ], [ -111.586396, 40.570530 ], [ -111.586732, 40.570629 ] ] ] } }
,
{ "type": "Feature", "properties": { "Shape_Leng": 121.920133, "Shape_Area": 929.032421 }, "geometry": { "type": "Polygon", "coordinates": [ [ [ -111.586396, 40.570530 ], [ -111.586267, 40.570786 ], [ -111.585931, 40.570687 ], [ -111.586061, 40.570431 ], [ -111.586396, 40.570530 ] ] ] } }
,
{ "type": "Feature", "properties": { "Shape_Leng": 121.920285, "Shape_Area": 929.034743 }, "geometry": { "type": "Polygon", "coordinates": [ [ [ -111.586061, 40.570431 ], [ -111.585931, 40.570687 ], [ -111.585595, 40.570588 ], [ -111.585725, 40.570332 ], [ -111.586061, 40.570431 ] ] ] } }
,
{ "type": "Feature", "properties": { "Shape_Leng": 121.920003, "Shape_Area": 929.030444 }, "geometry": { "type": "Polygon", "coordinates": [ [ [ -111.585725, 40.570332 ], [ -111.585595, 40.570588 ], [ -111.585259, 40.570489 ], [ -111.585389, 40.570233 ], [ -111.585725, 40.570332 ] ] ] } }
,
{ "type": "Feature", "properties": { "Shape_Leng": 121.919913, "Shape_Area": 929.029071 }, "geometry": { "type": "Polygon", "coordinates": [ [ [ -111.589290, 40.571676 ], [ -111.589161, 40.571932 ], [ -111.588825, 40.571833 ], [ -111.588954, 40.571577 ], [ -111.589290, 40.571676 ] ] ] } }
,
{ "type": "Feature", "properties": { "Shape_Leng": 121.920059, "Shape_Area": 929.031304 }, "geometry": { "type": "Polygon", "coordinates": [ [ [ -111.588954, 40.571577 ], [ -111.588825, 40.571833 ], [ -111.588489, 40.571734 ], [ -111.588618, 40.571478 ], [ -111.588954, 40.571577 ] ] ] } }
,
{ "type": "Feature", "properties": { "Shape_Leng": 121.920262, "Shape_Area": 929.034397 }, "geometry": { "type": "Polygon", "coordinates": [ [ [ -111.588618, 40.571478 ], [ -111.588489, 40.571734 ], [ -111.588153, 40.571635 ], [ -111.588282, 40.571379 ], [ -111.588618, 40.571478 ] ] ] } }
,
{ "type": "Feature", "properties": { "Shape_Leng": 121.920116, "Shape_Area": 929.032164 }, "geometry": { "type": "Polygon", "coordinates": [ [ [ -111.588282, 40.571379 ], [ -111.588153, 40.571635 ], [ -111.587817, 40.571536 ], [ -111.587946, 40.571280 ], [ -111.588282, 40.571379 ] ] ] } }
,
{ "type": "Feature", "properties": { "Shape_Leng": 121.920003, "Shape_Area": 929.030444 }, "geometry": { "type": "Polygon", "coordinates": [ [ [ -111.587946, 40.571280 ], [ -111.587817, 40.571536 ], [ -111.587481, 40.571437 ], [ -111.587611, 40.571181 ], [ -111.587946, 40.571280 ] ] ] } }
,
{ "type": "Feature", "properties": { "Shape_Leng": 121.920336, "Shape_Area": 929.035513 }, "geometry": { "type": "Polygon", "coordinates": [ [ [ -111.587611, 40.571181 ], [ -111.587481, 40.571437 ], [ -111.587145, 40.571339 ], [ -111.587275, 40.571082 ], [ -111.587611, 40.571181 ] ] ] } }
,
{ "type": "Feature", "properties": { "Shape_Leng": 121.920116, "Shape_Area": 929.032164 }, "geometry": { "type": "Polygon", "coordinates": [ [ [ -111.587275, 40.571082 ], [ -111.587145, 40.571339 ], [ -111.586809, 40.571240 ], [ -111.586939, 40.570984 ], [ -111.587275, 40.571082 ] ] ] } }
,
{ "type": "Feature", "properties": { "Shape_Leng": 121.919930, "Shape_Area": 929.029328 }, "geometry": { "type": "Polygon", "coordinates": [ [ [ -111.586939, 40.570984 ], [ -111.586809, 40.571240 ], [ -111.586473, 40.571141 ], [ -111.586603, 40.570885 ], [ -111.586939, 40.570984 ] ] ] } }
,
{ "type": "Feature", "properties": { "Shape_Leng": 121.919913, "Shape_Area": 929.029071 }, "geometry": { "type": "Polygon", "coordinates": [ [ [ -111.586603, 40.570885 ], [ -111.586473, 40.571141 ], [ -111.586137, 40.571042 ], [ -111.586267, 40.570786 ], [ -111.586603, 40.570885 ] ] ] } }
,
{ "type": "Feature", "properties": { "Shape_Leng": 121.920279, "Shape_Area": 929.034654 }, "geometry": { "type": "Polygon", "coordinates": [ [ [ -111.586267, 40.570786 ], [ -111.586137, 40.571042 ], [ -111.585801, 40.570943 ], [ -111.585931, 40.570687 ], [ -111.586267, 40.570786 ] ] ] } }
,
{ "type": "Feature", "properties": { "Shape_Leng": 121.919873, "Shape_Area": 929.028468 }, "geometry": { "type": "Polygon", "coordinates": [ [ [ -111.585931, 40.570687 ], [ -111.585801, 40.570943 ], [ -111.585465, 40.570844 ], [ -111.585595, 40.570588 ], [ -111.585931, 40.570687 ] ] ] } }
,
{ "type": "Feature", "properties": { "Shape_Leng": 121.919930, "Shape_Area": 929.029328 }, "geometry": { "type": "Polygon", "coordinates": [ [ [ -111.585595, 40.570588 ], [ -111.585465, 40.570844 ], [ -111.585129, 40.570745 ], [ -111.585259, 40.570489 ], [ -111.585595, 40.570588 ] ] ] } }
,
{ "type": "Feature", "properties": { "Shape_Leng": 121.920003, "Shape_Area": 929.030444 }, "geometry": { "type": "Polygon", "coordinates": [ [ [ -111.589161, 40.571932 ], [ -111.589031, 40.572188 ], [ -111.588695, 40.572089 ], [ -111.588825, 40.571833 ], [ -111.589161, 40.571932 ] ] ] } }
,
{ "type": "Feature", "properties": { "Shape_Leng": 121.920003, "Shape_Area": 929.030444 }, "geometry": { "type": "Polygon", "coordinates": [ [ [ -111.588825, 40.571833 ], [ -111.588695, 40.572089 ], [ -111.588359, 40.571990 ], [ -111.588489, 40.571734 ], [ -111.588825, 40.571833 ] ] ] } }
,
{ "type": "Feature", "properties": { "Shape_Leng": 121.919744, "Shape_Area": 929.026492 }, "geometry": { "type": "Polygon", "coordinates": [ [ [ -111.588489, 40.571734 ], [ -111.588359, 40.571990 ], [ -111.588023, 40.571891 ], [ -111.588153, 40.571635 ], [ -111.588489, 40.571734 ] ] ] } }
,
{ "type": "Feature", "properties": { "Shape_Leng": 121.920076, "Shape_Area": 929.031561 }, "geometry": { "type": "Polygon", "coordinates": [ [ [ -111.588153, 40.571635 ], [ -111.588023, 40.571891 ], [ -111.587687, 40.571793 ], [ -111.587817, 40.571536 ], [ -111.588153, 40.571635 ] ] ] } }
,
{ "type": "Feature", "properties": { "Shape_Leng": 121.919930, "Shape_Area": 929.029328 }, "geometry": { "type": "Polygon", "coordinates": [ [ [ -111.587817, 40.571536 ], [ -111.587687, 40.571793 ], [ -111.587351, 40.571694 ], [ -111.587481, 40.571437 ], [ -111.587817, 40.571536 ] ] ] } }
,
{ "type": "Feature", "properties": { "Shape_Leng": 121.919930, "Shape_Area": 929.029328 }, "geometry": { "type": "Polygon", "coordinates": [ [ [ -111.587481, 40.571437 ], [ -111.587351, 40.571694 ], [ -111.587015, 40.571595 ], [ -111.587145, 40.571339 ], [ -111.587481, 40.571437 ] ] ] } }
,
{ "type": "Feature", "properties": { "Shape_Leng": 121.919744, "Shape_Area": 929.026492 }, "geometry": { "type": "Polygon", "coordinates": [ [ [ -111.587145, 40.571339 ], [ -111.587015, 40.571595 ], [ -111.586679, 40.571496 ], [ -111.586809, 40.571240 ], [ -111.587145, 40.571339 ] ] ] } }
,
{ "type": "Feature", "properties": { "Shape_Leng": 121.919873, "Shape_Area": 929.028468 }, "geometry": { "type": "Polygon", "coordinates": [ [ [ -111.586809, 40.571240 ], [ -111.586679, 40.571496 ], [ -111.586343, 40.571397 ], [ -111.586473, 40.571141 ], [ -111.586809, 40.571240 ] ] ] } }
,
{ "type": "Feature", "properties": { "Shape_Leng": 121.920003, "Shape_Area": 929.030444 }, "geometry": { "type": "Polygon", "coordinates": [ [ [ -111.586473, 40.571141 ], [ -111.586343, 40.571397 ], [ -111.586007, 40.571298 ], [ -111.586137, 40.571042 ], [ -111.586473, 40.571141 ] ] ] } }
,
{ "type": "Feature", "properties": { "Shape_Leng": 121.919817, "Shape_Area": 929.027608 }, "geometry": { "type": "Polygon", "coordinates": [ [ [ -111.586137, 40.571042 ], [ -111.586007, 40.571298 ], [ -111.585672, 40.571199 ], [ -111.585801, 40.570943 ], [ -111.586137, 40.571042 ] ] ] } }
,
{ "type": "Feature", "properties": { "Shape_Leng": 121.919890, "Shape_Area": 929.028725 }, "geometry": { "type": "Polygon", "coordinates": [ [ [ -111.585801, 40.570943 ], [ -111.585672, 40.571199 ], [ -111.585336, 40.571100 ], [ -111.585465, 40.570844 ], [ -111.585801, 40.570943 ] ] ] } }
,
{ "type": "Feature", "properties": { "Shape_Leng": 121.919913, "Shape_Area": 929.029071 }, "geometry": { "type": "Polygon", "coordinates": [ [ [ -111.585465, 40.570844 ], [ -111.585336, 40.571100 ], [ -111.585000, 40.571001 ], [ -111.585129, 40.570745 ], [ -111.585465, 40.570844 ] ] ] } }
,
{ "type": "Feature", "properties": { "Shape_Leng": 121.919760, "Shape_Area": 929.026748 }, "geometry": { "type": "Polygon", "coordinates": [ [ [ -111.589031, 40.572188 ], [ -111.588901, 40.572444 ], [ -111.588565, 40.572345 ], [ -111.588695, 40.572089 ], [ -111.589031, 40.572188 ] ] ] } }
,
{ "type": "Feature", "properties": { "Shape_Leng": 121.920133, "Shape_Area": 929.032421 }, "geometry": { "type": "Polygon", "coordinates": [ [ [ -111.588695, 40.572089 ], [ -111.588565, 40.572345 ], [ -111.588229, 40.572246 ], [ -111.588359, 40.571990 ], [ -111.588695, 40.572089 ] ] ] } }
,
{ "type": "Feature", "properties": { "Shape_Leng": 121.920116, "Shape_Area": 929.032164 }, "geometry": { "type": "Polygon", "coordinates": [ [ [ -111.588359, 40.571990 ], [ -111.588229, 40.572246 ], [ -111.587893, 40.572148 ], [ -111.588023, 40.571891 ], [ -111.588359, 40.571990 ] ] ] } }
,
{ "type": "Feature", "properties": { "Shape_Leng": 121.920189, "Shape_Area": 929.033280 }, "geometry": { "type": "Polygon", "coordinates": [ [ [ -111.588023, 40.571891 ], [ -111.587893, 40.572148 ], [ -111.587557, 40.572049 ], [ -111.587687, 40.571793 ], [ -111.588023, 40.571891 ] ] ] } }
,
{ "type": "Feature", "properties": { "Shape_Leng": 121.920059, "Shape_Area": 929.031304 }, "geometry": { "type": "Polygon", "coordinates": [ [ [ -111.587687, 40.571793 ], [ -111.587557, 40.572049 ], [ -111.587222, 40.571950 ], [ -111.587351, 40.571694 ], [ -111.587687, 40.571793 ] ] ] } }
,
{ "type": "Feature", "properties": { "Shape_Leng": 121.919969, "Shape_Area": 929.029931 }, "geometry": { "type": "Polygon", "coordinates": [ [ [ -111.587351, 40.571694 ], [ -111.587222, 40.571950 ], [ -111.586886, 40.571851 ], [ -111.587015, 40.571595 ], [ -111.587351, 40.571694 ] ] ] } }
,
{ "type": "Feature", "properties": { "Shape_Leng": 121.920392, "Shape_Area": 929.036373 }, "geometry": { "type": "Polygon", "coordinates": [ [ [ -111.587015, 40.571595 ], [ -111.586886, 40.571851 ], [ -111.586550, 40.571752 ], [ -111.586679, 40.571496 ], [ -111.587015, 40.571595 ] ] ] } }
,
{ "type": "Feature", "properties": { "Shape_Leng": 121.919873, "Shape_Area": 929.028468 }, "geometry": { "type": "Polygon", "coordinates": [ [ [ -111.586679, 40.571496 ], [ -111.586550, 40.571752 ], [ -111.586214, 40.571653 ], [ -111.586343, 40.571397 ], [ -111.586679, 40.571496 ] ] ] } }
,
{ "type": "Feature", "properties": { "Shape_Leng": 121.920505, "Shape_Area": 929.038093 }, "geometry": { "type": "Polygon", "coordinates": [ [ [ -111.586343, 40.571397 ], [ -111.586214, 40.571653 ], [ -111.585878, 40.571554 ], [ -111.586007, 40.571298 ], [ -111.586343, 40.571397 ] ] ] } }
,
{ "type": "Feature", "properties": { "Shape_Leng": 121.919856, "Shape_Area": 929.028211 }, "geometry": { "type": "Polygon", "coordinates": [ [ [ -111.586007, 40.571298 ], [ -111.585878, 40.571554 ], [ -111.585542, 40.571455 ], [ -111.585672, 40.571199 ], [ -111.586007, 40.571298 ] ] ] } }
,
{ "type": "Feature", "properties": { "Shape_Leng": 121.920059, "Shape_Area": 929.031304 }, "geometry": { "type": "Polygon", "coordinates": [ [ [ -111.585672, 40.571199 ], [ -111.585542, 40.571455 ], [ -111.585206, 40.571357 ], [ -111.585336, 40.571100 ], [ -111.585672, 40.571199 ] ] ] } }
,
{ "type": "Feature", "properties": { "Shape_Leng": 121.920245, "Shape_Area": 929.034140 }, "geometry": { "type": "Polygon", "coordinates": [ [ [ -111.585336, 40.571100 ], [ -111.585206, 40.571357 ], [ -111.584870, 40.571258 ], [ -111.585000, 40.571001 ], [ -111.585336, 40.571100 ] ] ] } }
,
{ "type": "Feature", "properties": { "Shape_Leng": 121.919687, "Shape_Area": 929.025632 }, "geometry": { "type": "Polygon", "coordinates": [ [ [ -111.588901, 40.572444 ], [ -111.588772, 40.572700 ], [ -111.588436, 40.572601 ], [ -111.588565, 40.572345 ], [ -111.588901, 40.572444 ] ] ] } }
,
{ "type": "Feature", "properties": { "Shape_Leng": 121.920059, "Shape_Area": 929.031304 }, "geometry": { "type": "Polygon", "coordinates": [ [ [ -111.588565, 40.572345 ], [ -111.588436, 40.572601 ], [ -111.588100, 40.572503 ], [ -111.588229, 40.572246 ], [ -111.588565, 40.572345 ] ] ] } }
,
{ "type": "Feature", "properties": { "Shape_Leng": 121.919614, "Shape_Area": 929.024515 }, "geometry": { "type": "Polygon", "coordinates": [ [ [ -111.588229, 40.572246 ], [ -111.588100, 40.572503 ], [ -111.587764, 40.572404 ], [ -111.587893, 40.572148 ], [ -111.588229, 40.572246 ] ] ] } }
,
{ "type": "Feature", "properties": { "Shape_Leng": 121.919930, "Shape_Area": 929.029328 }, "geometry": { "type": "Polygon", "coordinates": [ [ [ -111.587893, 40.572148 ], [ -111.587764, 40.572404 ], [ -111.587428, 40.572305 ], [ -111.587557, 40.572049 ], [ -111.587893, 40.572148 ] ] ] } }
,
{ "type": "Feature", "properties": { "Shape_Leng": 121.920093, "Shape_Area": 929.031818 }, "geometry": { "type": "Polygon", "coordinates": [ [ [ -111.587557, 40.572049 ], [ -111.587428, 40.572305 ], [ -111.587092, 40.572206 ], [ -111.587222, 40.571950 ], [ -111.587557, 40.572049 ] ] ] } }
,
{ "type": "Feature", "properties": { "Shape_Leng": 121.919873, "Shape_Area": 929.028468 }, "geometry": { "type": "Polygon", "coordinates": [ [ [ -111.587222, 40.571950 ], [ -111.587092, 40.572206 ], [ -111.586756, 40.572107 ], [ -111.586886, 40.571851 ], [ -111.587222, 40.571950 ] ] ] } }
,
{ "type": "Feature", "properties": { "Shape_Leng": 121.919856, "Shape_Area": 929.028211 }, "geometry": { "type": "Polygon", "coordinates": [ [ [ -111.586886, 40.571851 ], [ -111.586756, 40.572107 ], [ -111.586420, 40.572008 ], [ -111.586550, 40.571752 ], [ -111.586886, 40.571851 ] ] ] } }
,
{ "type": "Feature", "properties": { "Shape_Leng": 121.919557, "Shape_Area": 929.023656 }, "geometry": { "type": "Polygon", "coordinates": [ [ [ -111.586550, 40.571752 ], [ -111.586420, 40.572008 ], [ -111.586084, 40.571909 ], [ -111.586214, 40.571653 ], [ -111.586550, 40.571752 ] ] ] } }
,
{ "type": "Feature", "properties": { "Shape_Leng": 121.919873, "Shape_Area": 929.028468 }, "geometry": { "type": "Polygon", "coordinates": [ [ [ -111.586214, 40.571653 ], [ -111.586084, 40.571909 ], [ -111.585748, 40.571810 ], [ -111.585878, 40.571554 ], [ -111.586214, 40.571653 ] ] ] } }
,
{ "type": "Feature", "properties": { "Shape_Leng": 121.919817, "Shape_Area": 929.027608 }, "geometry": { "type": "Polygon", "coordinates": [ [ [ -111.585878, 40.571554 ], [ -111.585748, 40.571810 ], [ -111.585412, 40.571712 ], [ -111.585542, 40.571455 ], [ -111.585878, 40.571554 ] ] ] } }
,
{ "type": "Feature", "properties": { "Shape_Leng": 121.919783, "Shape_Area": 929.027095 }, "geometry": { "type": "Polygon", "coordinates": [ [ [ -111.585542, 40.571455 ], [ -111.585412, 40.571712 ], [ -111.585076, 40.571613 ], [ -111.585206, 40.571357 ], [ -111.585542, 40.571455 ] ] ] } }
,
{ "type": "Feature", "properties": { "Shape_Leng": 121.919817, "Shape_Area": 929.027608 }, "geometry": { "type": "Polygon", "coordinates": [ [ [ -111.585206, 40.571357 ], [ -111.585076, 40.571613 ], [ -111.584740, 40.571514 ], [ -111.584870, 40.571258 ], [ -111.585206, 40.571357 ] ] ] } }
,
{ "type": "Feature", "properties": { "Shape_Leng": 121.919817, "Shape_Area": 929.027608 }, "geometry": { "type": "Polygon", "coordinates": [ [ [ -111.588772, 40.572700 ], [ -111.588642, 40.572957 ], [ -111.588306, 40.572858 ], [ -111.588436, 40.572601 ], [ -111.588772, 40.572700 ] ] ] } }
,
{ "type": "Feature", "properties": { "Shape_Leng": 121.920229, "Shape_Area": 929.033884 }, "geometry": { "type": "Polygon", "coordinates": [ [ [ -111.588436, 40.572601 ], [ -111.588306, 40.572858 ], [ -111.587970, 40.572759 ], [ -111.588100, 40.572503 ], [ -111.588436, 40.572601 ] ] ] } }
,
{ "type": "Feature", "properties": { "Shape_Leng": 121.919541, "Shape_Area": 929.023399 }, "geometry": { "type": "Polygon", "coordinates": [ [ [ -111.588100, 40.572503 ], [ -111.587970, 40.572759 ], [ -111.587634, 40.572660 ], [ -111.587764, 40.572404 ], [ -111.588100, 40.572503 ] ] ] } }
,
{ "type": "Feature", "properties": { "Shape_Leng": 121.920206, "Shape_Area": 929.033537 }, "geometry": { "type": "Polygon", "coordinates": [ [ [ -111.587764, 40.572404 ], [ -111.587634, 40.572660 ], [ -111.587298, 40.572561 ], [ -111.587428, 40.572305 ], [ -111.587764, 40.572404 ] ] ] } }
,
{ "type": "Feature", "properties": { "Shape_Leng": 121.919946, "Shape_Area": 929.029584 }, "geometry": { "type": "Polygon", "coordinates": [ [ [ -111.587428, 40.572305 ], [ -111.587298, 40.572561 ], [ -111.586962, 40.572462 ], [ -111.587092, 40.572206 ], [ -111.587428, 40.572305 ] ] ] } }
,
{ "type": "Feature", "properties": { "Shape_Leng": 121.920189, "Shape_Area": 929.033280 }, "geometry": { "type": "Polygon", "coordinates": [ [ [ -111.587092, 40.572206 ], [ -111.586962, 40.572462 ], [ -111.586626, 40.572363 ], [ -111.586756, 40.572107 ], [ -111.587092, 40.572206 ] ] ] } }
,
{ "type": "Feature", "properties": { "Shape_Leng": 121.920042, "Shape_Area": 929.031047 }, "geometry": { "type": "Polygon", "coordinates": [ [ [ -111.586756, 40.572107 ], [ -111.586626, 40.572363 ], [ -111.586290, 40.572264 ], [ -111.586420, 40.572008 ], [ -111.586756, 40.572107 ] ] ] } }
,
{ "type": "Feature", "properties": { "Shape_Leng": 121.920336, "Shape_Area": 929.035513 }, "geometry": { "type": "Polygon", "coordinates": [ [ [ -111.586420, 40.572008 ], [ -111.586290, 40.572264 ], [ -111.585954, 40.572166 ], [ -111.586084, 40.571909 ], [ -111.586420, 40.572008 ] ] ] } }
,
{ "type": "Feature", "properties": { "Shape_Leng": 121.920116, "Shape_Area": 929.032164 }, "geometry": { "type": "Polygon", "coordinates": [ [ [ -111.586084, 40.571909 ], [ -111.585954, 40.572166 ], [ -111.585618, 40.572067 ], [ -111.585748, 40.571810 ], [ -111.586084, 40.571909 ] ] ] } }
,
{ "type": "Feature", "properties": { "Shape_Leng": 121.920133, "Shape_Area": 929.032421 }, "geometry": { "type": "Polygon", "coordinates": [ [ [ -111.585748, 40.571810 ], [ -111.585618, 40.572067 ], [ -111.585283, 40.571968 ], [ -111.585412, 40.571712 ], [ -111.585748, 40.571810 ] ] ] } }
,
{ "type": "Feature", "properties": { "Shape_Leng": 121.920133, "Shape_Area": 929.032421 }, "geometry": { "type": "Polygon", "coordinates": [ [ [ -111.585412, 40.571712 ], [ -111.585283, 40.571968 ], [ -111.584947, 40.571869 ], [ -111.585076, 40.571613 ], [ -111.585412, 40.571712 ] ] ] } }
,
{ "type": "Feature", "properties": { "Shape_Leng": 121.920059, "Shape_Area": 929.031304 }, "geometry": { "type": "Polygon", "coordinates": [ [ [ -111.585076, 40.571613 ], [ -111.584947, 40.571869 ], [ -111.584611, 40.571770 ], [ -111.584740, 40.571514 ], [ -111.585076, 40.571613 ] ] ] } }
,
{ "type": "Feature", "properties": { "Shape_Leng": 121.919800, "Shape_Area": 929.027351 }, "geometry": { "type": "Polygon", "coordinates": [ [ [ -111.588642, 40.572957 ], [ -111.588512, 40.573213 ], [ -111.588176, 40.573114 ], [ -111.588306, 40.572858 ], [ -111.588642, 40.572957 ] ] ] } }
,
{ "type": "Feature", "properties": { "Shape_Leng": 121.920336, "Shape_Area": 929.035513 }, "geometry": { "type": "Polygon", "coordinates": [ [ [ -111.588306, 40.572858 ], [ -111.588176, 40.573114 ], [ -111.587840, 40.573015 ], [ -111.587970, 40.572759 ], [ -111.588306, 40.572858 ] ] ] } }
,
{ "type": "Feature", "properties": { "Shape_Leng": 121.919800, "Shape_Area": 929.027351 }, "geometry": { "type": "Polygon", "coordinates": [ [ [ -111.587970, 40.572759 ], [ -111.587840, 40.573015 ], [ -111.587504, 40.572916 ], [ -111.587634, 40.572660 ], [ -111.587970, 40.572759 ] ] ] } }
,
{ "type": "Feature", "properties": { "Shape_Leng": 121.920561, "Shape_Area": 929.038953 }, "geometry": { "type": "Polygon", "coordinates": [ [ [ -111.587634, 40.572660 ], [ -111.587504, 40.572916 ], [ -111.587168, 40.572817 ], [ -111.587298, 40.572561 ], [ -111.587634, 40.572660 ] ] ] } }
,
{ "type": "Feature", "properties": { "Shape_Leng": 121.919969, "Shape_Area": 929.029931 }, "geometry": { "type": "Polygon", "coordinates": [ [ [ -111.587298, 40.572561 ], [ -111.587168, 40.572817 ], [ -111.586833, 40.572718 ], [ -111.586962, 40.572462 ], [ -111.587298, 40.572561 ] ] ] } }
,
{ "type": "Feature", "properties": { "Shape_Leng": 121.920189, "Shape_Area": 929.033280 }, "geometry": { "type": "Polygon", "coordinates": [ [ [ -111.586962, 40.572462 ], [ -111.586833, 40.572718 ], [ -111.586497, 40.572619 ], [ -111.586626, 40.572363 ], [ -111.586962, 40.572462 ] ] ] } }
,
{ "type": "Feature", "properties": { "Shape_Leng": 121.919986, "Shape_Area": 929.030188 }, "geometry": { "type": "Polygon", "coordinates": [ [ [ -111.586626, 40.572363 ], [ -111.586497, 40.572619 ], [ -111.586161, 40.572521 ], [ -111.586290, 40.572264 ], [ -111.586626, 40.572363 ] ] ] } }
,
{ "type": "Feature", "properties": { "Shape_Leng": 121.919744, "Shape_Area": 929.026492 }, "geometry": { "type": "Polygon", "coordinates": [ [ [ -111.586290, 40.572264 ], [ -111.586161, 40.572521 ], [ -111.585825, 40.572422 ], [ -111.585954, 40.572166 ], [ -111.586290, 40.572264 ] ] ] } }
,
{ "type": "Feature", "properties": { "Shape_Leng": 121.919873, "Shape_Area": 929.028468 }, "geometry": { "type": "Polygon", "coordinates": [ [ [ -111.585954, 40.572166 ], [ -111.585825, 40.572422 ], [ -111.585489, 40.572323 ], [ -111.585618, 40.572067 ], [ -111.585954, 40.572166 ] ] ] } }
,
{ "type": "Feature", "properties": { "Shape_Leng": 121.920133, "Shape_Area": 929.032421 }, "geometry": { "type": "Polygon", "coordinates": [ [ [ -111.585618, 40.572067 ], [ -111.585489, 40.572323 ], [ -111.585153, 40.572224 ], [ -111.585283, 40.571968 ], [ -111.585618, 40.572067 ] ] ] } }
,
{ "type": "Feature", "properties": { "Shape_Leng": 121.920116, "Shape_Area": 929.032164 }, "geometry": { "type": "Polygon", "coordinates": [ [ [ -111.585283, 40.571968 ], [ -111.585153, 40.572224 ], [ -111.584817, 40.572125 ], [ -111.584947, 40.571869 ], [ -111.585283, 40.571968 ] ] ] } }
,
{ "type": "Feature", "properties": { "Shape_Leng": 121.919969, "Shape_Area": 929.029931 }, "geometry": { "type": "Polygon", "coordinates": [ [ [ -111.584947, 40.571869 ], [ -111.584817, 40.572125 ], [ -111.584481, 40.572026 ], [ -111.584611, 40.571770 ], [ -111.584947, 40.571869 ] ] ] } }
,
{ "type": "Feature", "properties": { "Shape_Leng": 121.919687, "Shape_Area": 929.025632 }, "geometry": { "type": "Polygon", "coordinates": [ [ [ -111.588512, 40.573213 ], [ -111.588383, 40.573469 ], [ -111.588047, 40.573370 ], [ -111.588176, 40.573114 ], [ -111.588512, 40.573213 ] ] ] } }
,
{ "type": "Feature", "properties": { "Shape_Leng": 121.920076, "Shape_Area": 929.031561 }, "geometry": { "type": "Polygon", "coordinates": [ [ [ -111.588176, 40.573114 ], [ -111.588047, 40.573370 ], [ -111.587711, 40.573271 ], [ -111.587840, 40.573015 ], [ -111.588176, 40.573114 ] ] ] } }
,
{ "type": "Feature", "properties": { "Shape_Leng": 121.919744, "Shape_Area": 929.026492 }, "geometry": { "type": "Polygon", "coordinates": [ [ [ -111.587840, 40.573015 ], [ -111.587711, 40.573271 ], [ -111.587375, 40.573172 ], [ -111.587504, 40.572916 ], [ -111.587840, 40.573015 ] ] ] } }
,
{ "type": "Feature", "properties": { "Shape_Leng": 121.920076, "Shape_Area": 929.031561 }, "geometry": { "type": "Polygon", "coordinates": [ [ [ -111.587504, 40.572916 ], [ -111.587375, 40.573172 ], [ -111.587039, 40.573073 ], [ -111.587168, 40.572817 ], [ -111.587504, 40.572916 ] ] ] } }
,
{ "type": "Feature", "properties": { "Shape_Leng": 121.919744, "Shape_Area": 929.026492 }, "geometry": { "type": "Polygon", "coordinates": [ [ [ -111.587168, 40.572817 ], [ -111.587039, 40.573073 ], [ -111.586703, 40.572974 ], [ -111.586833, 40.572718 ], [ -111.587168, 40.572817 ] ] ] } }
,
{ "type": "Feature", "properties": { "Shape_Leng": 121.919856, "Shape_Area": 929.028211 }, "geometry": { "type": "Polygon", "coordinates": [ [ [ -111.586833, 40.572718 ], [ -111.586703, 40.572974 ], [ -111.586367, 40.572876 ], [ -111.586497, 40.572619 ], [ -111.586833, 40.572718 ] ] ] } }
,
{ "type": "Feature", "properties": { "Shape_Leng": 121.920020, "Shape_Area": 929.030701 }, "geometry": { "type": "Polygon", "coordinates": [ [ [ -111.586497, 40.572619 ], [ -111.586367, 40.572876 ], [ -111.586031, 40.572777 ], [ -111.586161, 40.572521 ], [ -111.586497, 40.572619 ] ] ] } }
,
{ "type": "Feature", "properties": { "Shape_Leng": 121.919744, "Shape_Area": 929.026492 }, "geometry": { "type": "Polygon", "coordinates": [ [ [ -111.586161, 40.572521 ], [ -111.586031, 40.572777 ], [ -111.585695, 40.572678 ], [ -111.585825, 40.572422 ], [ -111.586161, 40.572521 ] ] ] } }
,
{ "type": "Feature", "properties": { "Shape_Leng": 121.920059, "Shape_Area": 929.031304 }, "geometry": { "type": "Polygon", "coordinates": [ [ [ -111.585825, 40.572422 ], [ -111.585695, 40.572678 ], [ -111.585359, 40.572579 ], [ -111.585489, 40.572323 ], [ -111.585825, 40.572422 ] ] ] } }
,
{ "type": "Feature", "properties": { "Shape_Leng": 121.919687, "Shape_Area": 929.025632 }, "geometry": { "type": "Polygon", "coordinates": [ [ [ -111.585489, 40.572323 ], [ -111.585359, 40.572579 ], [ -111.585023, 40.572480 ], [ -111.585153, 40.572224 ], [ -111.585489, 40.572323 ] ] ] } }
,
{ "type": "Feature", "properties": { "Shape_Leng": 121.919744, "Shape_Area": 929.026492 }, "geometry": { "type": "Polygon", "coordinates": [ [ [ -111.585153, 40.572224 ], [ -111.585023, 40.572480 ], [ -111.584687, 40.572381 ], [ -111.584817, 40.572125 ], [ -111.585153, 40.572224 ] ] ] } }
,
{ "type": "Feature", "properties": { "Shape_Leng": 121.920206, "Shape_Area": 929.033537 }, "geometry": { "type": "Polygon", "coordinates": [ [ [ -111.584817, 40.572125 ], [ -111.584687, 40.572381 ], [ -111.584351, 40.572282 ], [ -111.584481, 40.572026 ], [ -111.584817, 40.572125 ] ] ] } }
,
{ "type": "Feature", "properties": { "Shape_Leng": 121.919986, "Shape_Area": 929.030188 }, "geometry": { "type": "Polygon", "coordinates": [ [ [ -111.588383, 40.573469 ], [ -111.588253, 40.573725 ], [ -111.587917, 40.573626 ], [ -111.588047, 40.573370 ], [ -111.588383, 40.573469 ] ] ] } }
,
{ "type": "Feature", "properties": { "Shape_Leng": 121.919986, "Shape_Area": 929.030188 }, "geometry": { "type": "Polygon", "coordinates": [ [ [ -111.588047, 40.573370 ], [ -111.587917, 40.573626 ], [ -111.587581, 40.573527 ], [ -111.587711, 40.573271 ], [ -111.588047, 40.573370 ] ] ] } }
,
{ "type": "Feature", "properties": { "Shape_Leng": 121.920189, "Shape_Area": 929.033280 }, "geometry": { "type": "Polygon", "coordinates": [ [ [ -111.587711, 40.573271 ], [ -111.587581, 40.573527 ], [ -111.587245, 40.573428 ], [ -111.587375, 40.573172 ], [ -111.587711, 40.573271 ] ] ] } }
,
{ "type": "Feature", "properties": { "Shape_Leng": 121.919930, "Shape_Area": 929.029328 }, "geometry": { "type": "Polygon", "coordinates": [ [ [ -111.587375, 40.573172 ], [ -111.587245, 40.573428 ], [ -111.586909, 40.573330 ], [ -111.587039, 40.573073 ], [ -111.587375, 40.573172 ] ] ] } }
,
{ "type": "Feature", "properties": { "Shape_Leng": 121.920059, "Shape_Area": 929.031304 }, "geometry": { "type": "Polygon", "coordinates": [ [ [ -111.587039, 40.573073 ], [ -111.586909, 40.573330 ], [ -111.586573, 40.573231 ], [ -111.586703, 40.572974 ], [ -111.587039, 40.573073 ] ] ] } }
,
{ "type": "Feature", "properties": { "Shape_Leng": 121.919687, "Shape_Area": 929.025632 }, "geometry": { "type": "Polygon", "coordinates": [ [ [ -111.586703, 40.572974 ], [ -111.586573, 40.573231 ], [ -111.586237, 40.573132 ], [ -111.586367, 40.572876 ], [ -111.586703, 40.572974 ] ] ] } }
,
{ "type": "Feature", "properties": { "Shape_Leng": 121.919687, "Shape_Area": 929.025632 }, "geometry": { "type": "Polygon", "coordinates": [ [ [ -111.586367, 40.572876 ], [ -111.586237, 40.573132 ], [ -111.585901, 40.573033 ], [ -111.586031, 40.572777 ], [ -111.586367, 40.572876 ] ] ] } }
,
{ "type": "Feature", "properties": { "Shape_Leng": 121.919986, "Shape_Area": 929.030188 }, "geometry": { "type": "Polygon", "coordinates": [ [ [ -111.586031, 40.572777 ], [ -111.585901, 40.573033 ], [ -111.585565, 40.572934 ], [ -111.585695, 40.572678 ], [ -111.586031, 40.572777 ] ] ] } }
,
{ "type": "Feature", "properties": { "Shape_Leng": 121.920099, "Shape_Area": 929.031907 }, "geometry": { "type": "Polygon", "coordinates": [ [ [ -111.585695, 40.572678 ], [ -111.585565, 40.572934 ], [ -111.585229, 40.572835 ], [ -111.585359, 40.572579 ], [ -111.585695, 40.572678 ] ] ] } }
,
{ "type": "Feature", "properties": { "Shape_Leng": 121.920319, "Shape_Area": 929.035257 }, "geometry": { "type": "Polygon", "coordinates": [ [ [ -111.585359, 40.572579 ], [ -111.585229, 40.572835 ], [ -111.584894, 40.572736 ], [ -111.585023, 40.572480 ], [ -111.585359, 40.572579 ] ] ] } }
,
{ "type": "Feature", "properties": { "Shape_Leng": 121.920189, "Shape_Area": 929.033280 }, "geometry": { "type": "Polygon", "coordinates": [ [ [ -111.585023, 40.572480 ], [ -111.584894, 40.572736 ], [ -111.584558, 40.572637 ], [ -111.584687, 40.572381 ], [ -111.585023, 40.572480 ] ] ] } }
,
{ "type": "Feature", "properties": { "Shape_Leng": 121.920116, "Shape_Area": 929.032164 }, "geometry": { "type": "Polygon", "coordinates": [ [ [ -111.584687, 40.572381 ], [ -111.584558, 40.572637 ], [ -111.584222, 40.572538 ], [ -111.584351, 40.572282 ], [ -111.584687, 40.572381 ] ] ] } }
,
{ "type": "Feature", "properties": { "Shape_Leng": 121.920206, "Shape_Area": 929.033537 }, "geometry": { "type": "Polygon", "coordinates": [ [ [ -111.588253, 40.573725 ], [ -111.588123, 40.573981 ], [ -111.587787, 40.573882 ], [ -111.587917, 40.573626 ], [ -111.588253, 40.573725 ] ] ] } }
,
{ "type": "Feature", "properties": { "Shape_Leng": 121.919930, "Shape_Area": 929.029328 }, "geometry": { "type": "Polygon", "coordinates": [ [ [ -111.587917, 40.573626 ], [ -111.587787, 40.573882 ], [ -111.587451, 40.573783 ], [ -111.587581, 40.573527 ], [ -111.587917, 40.573626 ] ] ] } }
,
{ "type": "Feature", "properties": { "Shape_Leng": 121.919930, "Shape_Area": 929.029328 }, "geometry": { "type": "Polygon", "coordinates": [ [ [ -111.587581, 40.573527 ], [ -111.587451, 40.573783 ], [ -111.587115, 40.573685 ], [ -111.587245, 40.573428 ], [ -111.587581, 40.573527 ] ] ] } }
,
{ "type": "Feature", "properties": { "Shape_Leng": 121.919445, "Shape_Area": 929.021936 }, "geometry": { "type": "Polygon", "coordinates": [ [ [ -111.587245, 40.573428 ], [ -111.587115, 40.573685 ], [ -111.586779, 40.573586 ], [ -111.586909, 40.573330 ], [ -111.587245, 40.573428 ] ] ] } }
,
{ "type": "Feature", "properties": { "Shape_Leng": 121.920059, "Shape_Area": 929.031304 }, "geometry": { "type": "Polygon", "coordinates": [ [ [ -111.586909, 40.573330 ], [ -111.586779, 40.573586 ], [ -111.586444, 40.573487 ], [ -111.586573, 40.573231 ], [ -111.586909, 40.573330 ] ] ] } }
,
{ "type": "Feature", "properties": { "Shape_Leng": 121.920003, "Shape_Area": 929.030444 }, "geometry": { "type": "Polygon", "coordinates": [ [ [ -111.586573, 40.573231 ], [ -111.586444, 40.573487 ], [ -111.586108, 40.573388 ], [ -111.586237, 40.573132 ], [ -111.586573, 40.573231 ] ] ] } }
,
{ "type": "Feature", "properties": { "Shape_Leng": 121.919800, "Shape_Area": 929.027351 }, "geometry": { "type": "Polygon", "coordinates": [ [ [ -111.586237, 40.573132 ], [ -111.586108, 40.573388 ], [ -111.585772, 40.573289 ], [ -111.585901, 40.573033 ], [ -111.586237, 40.573132 ] ] ] } }
,
{ "type": "Feature", "properties": { "Shape_Leng": 121.919946, "Shape_Area": 929.029584 }, "geometry": { "type": "Polygon", "coordinates": [ [ [ -111.585901, 40.573033 ], [ -111.585772, 40.573289 ], [ -111.585436, 40.573190 ], [ -111.585565, 40.572934 ], [ -111.585901, 40.573033 ] ] ] } }
,
{ "type": "Feature", "properties": { "Shape_Leng": 121.920003, "Shape_Area": 929.030444 }, "geometry": { "type": "Polygon", "coordinates": [ [ [ -111.585565, 40.572934 ], [ -111.585436, 40.573190 ], [ -111.585100, 40.573091 ], [ -111.585229, 40.572835 ], [ -111.585565, 40.572934 ] ] ] } }
,
{ "type": "Feature", "properties": { "Shape_Leng": 121.919817, "Shape_Area": 929.027608 }, "geometry": { "type": "Polygon", "coordinates": [ [ [ -111.585229, 40.572835 ], [ -111.585100, 40.573091 ], [ -111.584764, 40.572992 ], [ -111.584894, 40.572736 ], [ -111.585229, 40.572835 ] ] ] } }
,
{ "type": "Feature", "properties": { "Shape_Leng": 121.920076, "Shape_Area": 929.031561 }, "geometry": { "type": "Polygon", "coordinates": [ [ [ -111.584894, 40.572736 ], [ -111.584764, 40.572992 ], [ -111.584428, 40.572893 ], [ -111.584558, 40.572637 ], [ -111.584894, 40.572736 ] ] ] } }
,
{ "type": "Feature", "properties": { "Shape_Leng": 121.920003, "Shape_Area": 929.030444 }, "geometry": { "type": "Polygon", "coordinates": [ [ [ -111.584558, 40.572637 ], [ -111.584428, 40.572893 ], [ -111.584092, 40.572795 ], [ -111.584222, 40.572538 ], [ -111.584558, 40.572637 ] ] ] } }
,
{ "type": "Feature", "properties": { "Shape_Leng": 121.919614, "Shape_Area": 929.024515 }, "geometry": { "type": "Polygon", "coordinates": [ [ [ -111.588123, 40.573981 ], [ -111.587994, 40.574237 ], [ -111.587658, 40.574138 ], [ -111.587787, 40.573882 ], [ -111.588123, 40.573981 ] ] ] } }
,
{ "type": "Feature", "properties": { "Shape_Leng": 121.920003, "Shape_Area": 929.030444 }, "geometry": { "type": "Polygon", "coordinates": [ [ [ -111.587787, 40.573882 ], [ -111.587658, 40.574138 ], [ -111.587322, 40.574040 ], [ -111.587451, 40.573783 ], [ -111.587787, 40.573882 ] ] ] } }
,
{ "type": "Feature", "properties": { "Shape_Leng": 121.920319, "Shape_Area": 929.035257 }, "geometry": { "type": "Polygon", "coordinates": [ [ [ -111.587451, 40.573783 ], [ -111.587322, 40.574040 ], [ -111.586986, 40.573941 ], [ -111.587115, 40.573685 ], [ -111.587451, 40.573783 ] ] ] } }
,
{ "type": "Feature", "properties": { "Shape_Leng": 121.920336, "Shape_Area": 929.035513 }, "geometry": { "type": "Polygon", "coordinates": [ [ [ -111.587115, 40.573685 ], [ -111.586986, 40.573941 ], [ -111.586650, 40.573842 ], [ -111.586779, 40.573586 ], [ -111.587115, 40.573685 ] ] ] } }
,
{ "type": "Feature", "properties": { "Shape_Leng": 121.920116, "Shape_Area": 929.032164 }, "geometry": { "type": "Polygon", "coordinates": [ [ [ -111.586779, 40.573586 ], [ -111.586650, 40.573842 ], [ -111.586314, 40.573743 ], [ -111.586444, 40.573487 ], [ -111.586779, 40.573586 ] ] ] } }
,
{ "type": "Feature", "properties": { "Shape_Leng": 121.919946, "Shape_Area": 929.029585 }, "geometry": { "type": "Polygon", "coordinates": [ [ [ -111.586444, 40.573487 ], [ -111.586314, 40.573743 ], [ -111.585978, 40.573644 ], [ -111.586108, 40.573388 ], [ -111.586444, 40.573487 ] ] ] } }
,
{ "type": "Feature", "properties": { "Shape_Leng": 121.920319, "Shape_Area": 929.035257 }, "geometry": { "type": "Polygon", "coordinates": [ [ [ -111.586108, 40.573388 ], [ -111.585978, 40.573644 ], [ -111.585642, 40.573545 ], [ -111.585772, 40.573289 ], [ -111.586108, 40.573388 ] ] ] } }
,
{ "type": "Feature", "properties": { "Shape_Leng": 121.919873, "Shape_Area": 929.028468 }, "geometry": { "type": "Polygon", "coordinates": [ [ [ -111.585772, 40.573289 ], [ -111.585642, 40.573545 ], [ -111.585306, 40.573446 ], [ -111.585436, 40.573190 ], [ -111.585772, 40.573289 ] ] ] } }
,
{ "type": "Feature", "properties": { "Shape_Leng": 121.920059, "Shape_Area": 929.031304 }, "geometry": { "type": "Polygon", "coordinates": [ [ [ -111.585436, 40.573190 ], [ -111.585306, 40.573446 ], [ -111.584970, 40.573347 ], [ -111.585100, 40.573091 ], [ -111.585436, 40.573190 ] ] ] } }
,
{ "type": "Feature", "properties": { "Shape_Leng": 121.920116, "Shape_Area": 929.032164 }, "geometry": { "type": "Polygon", "coordinates": [ [ [ -111.585100, 40.573091 ], [ -111.584970, 40.573347 ], [ -111.584634, 40.573249 ], [ -111.584764, 40.572992 ], [ -111.585100, 40.573091 ] ] ] } }
,
{ "type": "Feature", "properties": { "Shape_Leng": 121.920059, "Shape_Area": 929.031304 }, "geometry": { "type": "Polygon", "coordinates": [ [ [ -111.584764, 40.572992 ], [ -111.584634, 40.573249 ], [ -111.584298, 40.573150 ], [ -111.584428, 40.572893 ], [ -111.584764, 40.572992 ] ] ] } }
,
{ "type": "Feature", "properties": { "Shape_Leng": 121.919986, "Shape_Area": 929.030188 }, "geometry": { "type": "Polygon", "coordinates": [ [ [ -111.584428, 40.572893 ], [ -111.584298, 40.573150 ], [ -111.583962, 40.573051 ], [ -111.584092, 40.572795 ], [ -111.584428, 40.572893 ] ] ] } }
,
{ "type": "Feature", "properties": { "Shape_Leng": 121.919760, "Shape_Area": 929.026748 }, "geometry": { "type": "Polygon", "coordinates": [ [ [ -111.587994, 40.574237 ], [ -111.587864, 40.574494 ], [ -111.587528, 40.574395 ], [ -111.587658, 40.574138 ], [ -111.587994, 40.574237 ] ] ] } }
,
{ "type": "Feature", "properties": { "Shape_Leng": 121.920262, "Shape_Area": 929.034397 }, "geometry": { "type": "Polygon", "coordinates": [ [ [ -111.587658, 40.574138 ], [ -111.587528, 40.574395 ], [ -111.587192, 40.574296 ], [ -111.587322, 40.574040 ], [ -111.587658, 40.574138 ] ] ] } }
,
{ "type": "Feature", "properties": { "Shape_Leng": 121.919817, "Shape_Area": 929.027608 }, "geometry": { "type": "Polygon", "coordinates": [ [ [ -111.587864, 40.574494 ], [ -111.587734, 40.574750 ], [ -111.587398, 40.574651 ], [ -111.587528, 40.574395 ], [ -111.587864, 40.574494 ] ] ] } }
,
{ "type": "Feature", "properties": { "Shape_Leng": 121.919856, "Shape_Area": 929.028211 }, "geometry": { "type": "Polygon", "coordinates": [ [ [ -111.587528, 40.574395 ], [ -111.587398, 40.574651 ], [ -111.587062, 40.574552 ], [ -111.587192, 40.574296 ], [ -111.587528, 40.574395 ] ] ] } }
,
{ "type": "Feature", "properties": { "Shape_Leng": 121.920279, "Shape_Area": 929.034654 }, "geometry": { "type": "Polygon", "coordinates": [ [ [ -111.588406, 40.574947 ], [ -111.588276, 40.575204 ], [ -111.587940, 40.575105 ], [ -111.588070, 40.574849 ], [ -111.588406, 40.574947 ] ] ] } }
,
{ "type": "Feature", "properties": { "Shape_Leng": 121.920229, "Shape_Area": 929.033884 }, "geometry": { "type": "Polygon", "coordinates": [ [ [ -111.588070, 40.574849 ], [ -111.587940, 40.575105 ], [ -111.587605, 40.575006 ], [ -111.587734, 40.574750 ], [ -111.588070, 40.574849 ] ] ] } }
,
{ "type": "Feature", "properties": { "Shape_Leng": 121.920189, "Shape_Area": 929.033280 }, "geometry": { "type": "Polygon", "coordinates": [ [ [ -111.587734, 40.574750 ], [ -111.587605, 40.575006 ], [ -111.587269, 40.574907 ], [ -111.587398, 40.574651 ], [ -111.587734, 40.574750 ] ] ] } }
,
{ "type": "Feature", "properties": { "Shape_Leng": 121.920189, "Shape_Area": 929.033280 }, "geometry": { "type": "Polygon", "coordinates": [ [ [ -111.587398, 40.574651 ], [ -111.587269, 40.574907 ], [ -111.586933, 40.574808 ], [ -111.587062, 40.574552 ], [ -111.587398, 40.574651 ] ] ] } }
,
{ "type": "Feature", "properties": { "Shape_Leng": 121.919670, "Shape_Area": 929.025375 }, "geometry": { "type": "Polygon", "coordinates": [ [ [ -111.588612, 40.575302 ], [ -111.588483, 40.575559 ], [ -111.588147, 40.575460 ], [ -111.588276, 40.575204 ], [ -111.588612, 40.575302 ] ] ] } }
,
{ "type": "Feature", "properties": { "Shape_Leng": 121.919614, "Shape_Area": 929.024515 }, "geometry": { "type": "Polygon", "coordinates": [ [ [ -111.588276, 40.575204 ], [ -111.588147, 40.575460 ], [ -111.587811, 40.575361 ], [ -111.587940, 40.575105 ], [ -111.588276, 40.575204 ] ] ] } }
,
{ "type": "Feature", "properties": { "Shape_Leng": 121.919873, "Shape_Area": 929.028468 }, "geometry": { "type": "Polygon", "coordinates": [ [ [ -111.587940, 40.575105 ], [ -111.587811, 40.575361 ], [ -111.587475, 40.575262 ], [ -111.587605, 40.575006 ], [ -111.587940, 40.575105 ] ] ] } }
,
{ "type": "Feature", "properties": { "Shape_Leng": 121.919687, "Shape_Area": 929.025632 }, "geometry": { "type": "Polygon", "coordinates": [ [ [ -111.587605, 40.575006 ], [ -111.587475, 40.575262 ], [ -111.587139, 40.575163 ], [ -111.587269, 40.574907 ], [ -111.587605, 40.575006 ] ] ] } }
,
{ "type": "Feature", "properties": { "Shape_Leng": 121.919744, "Shape_Area": 929.026492 }, "geometry": { "type": "Polygon", "coordinates": [ [ [ -111.587269, 40.574907 ], [ -111.587139, 40.575163 ], [ -111.586803, 40.575064 ], [ -111.586933, 40.574808 ], [ -111.587269, 40.574907 ] ] ] } }
,
{ "type": "Feature", "properties": { "Shape_Leng": 121.920262, "Shape_Area": 929.034397 }, "geometry": { "type": "Polygon", "coordinates": [ [ [ -111.589155, 40.575756 ], [ -111.589025, 40.576013 ], [ -111.588689, 40.575914 ], [ -111.588819, 40.575657 ], [ -111.589155, 40.575756 ] ] ] } }
,
{ "type": "Feature", "properties": { "Shape_Leng": 121.920172, "Shape_Area": 929.033024 }, "geometry": { "type": "Polygon", "coordinates": [ [ [ -111.588819, 40.575657 ], [ -111.588689, 40.575914 ], [ -111.588353, 40.575815 ], [ -111.588483, 40.575559 ], [ -111.588819, 40.575657 ] ] ] } }
,
{ "type": "Feature", "properties": { "Shape_Leng": 121.920448, "Shape_Area": 929.037233 }, "geometry": { "type": "Polygon", "coordinates": [ [ [ -111.588483, 40.575559 ], [ -111.588353, 40.575815 ], [ -111.588017, 40.575716 ], [ -111.588147, 40.575460 ], [ -111.588483, 40.575559 ] ] ] } }
,
{ "type": "Feature", "properties": { "Shape_Leng": 121.920245, "Shape_Area": 929.034140 }, "geometry": { "type": "Polygon", "coordinates": [ [ [ -111.588147, 40.575460 ], [ -111.588017, 40.575716 ], [ -111.587681, 40.575617 ], [ -111.587811, 40.575361 ], [ -111.588147, 40.575460 ] ] ] } }
,
{ "type": "Feature", "properties": { "Shape_Leng": 121.919946, "Shape_Area": 929.029584 }, "geometry": { "type": "Polygon", "coordinates": [ [ [ -111.587811, 40.575361 ], [ -111.587681, 40.575617 ], [ -111.587345, 40.575518 ], [ -111.587475, 40.575262 ], [ -111.587811, 40.575361 ] ] ] } }
,
{ "type": "Feature", "properties": { "Shape_Leng": 121.920003, "Shape_Area": 929.030444 }, "geometry": { "type": "Polygon", "coordinates": [ [ [ -111.587475, 40.575262 ], [ -111.587345, 40.575518 ], [ -111.587009, 40.575419 ], [ -111.587139, 40.575163 ], [ -111.587475, 40.575262 ] ] ] } }
,
{ "type": "Feature", "properties": { "Shape_Leng": 121.920172, "Shape_Area": 929.033024 }, "geometry": { "type": "Polygon", "coordinates": [ [ [ -111.587139, 40.575163 ], [ -111.587009, 40.575419 ], [ -111.586673, 40.575320 ], [ -111.586803, 40.575064 ], [ -111.587139, 40.575163 ] ] ] } }
,
{ "type": "Feature", "properties": { "Shape_Leng": 121.920059, "Shape_Area": 929.031304 }, "geometry": { "type": "Polygon", "coordinates": [ [ [ -111.589025, 40.576013 ], [ -111.588895, 40.576269 ], [ -111.588559, 40.576170 ], [ -111.588689, 40.575914 ], [ -111.589025, 40.576013 ] ] ] } }
,
{ "type": "Feature", "properties": { "Shape_Leng": 121.919873, "Shape_Area": 929.028468 }, "geometry": { "type": "Polygon", "coordinates": [ [ [ -111.588689, 40.575914 ], [ -111.588559, 40.576170 ], [ -111.588223, 40.576071 ], [ -111.588353, 40.575815 ], [ -111.588689, 40.575914 ] ] ] } }
,
{ "type": "Feature", "properties": { "Shape_Leng": 121.919930, "Shape_Area": 929.029328 }, "geometry": { "type": "Polygon", "coordinates": [ [ [ -111.588353, 40.575815 ], [ -111.588223, 40.576071 ], [ -111.587887, 40.575972 ], [ -111.588017, 40.575716 ], [ -111.588353, 40.575815 ] ] ] } }
,
{ "type": "Feature", "properties": { "Shape_Leng": 121.919817, "Shape_Area": 929.027608 }, "geometry": { "type": "Polygon", "coordinates": [ [ [ -111.588017, 40.575716 ], [ -111.587887, 40.575972 ], [ -111.587551, 40.575873 ], [ -111.587681, 40.575617 ], [ -111.588017, 40.575716 ] ] ] } }
,
{ "type": "Feature", "properties": { "Shape_Leng": 121.920189, "Shape_Area": 929.033280 }, "geometry": { "type": "Polygon", "coordinates": [ [ [ -111.587681, 40.575617 ], [ -111.587551, 40.575873 ], [ -111.587216, 40.575774 ], [ -111.587345, 40.575518 ], [ -111.587681, 40.575617 ] ] ] } }
,
{ "type": "Feature", "properties": { "Shape_Leng": 121.919873, "Shape_Area": 929.028468 }, "geometry": { "type": "Polygon", "coordinates": [ [ [ -111.587345, 40.575518 ], [ -111.587216, 40.575774 ], [ -111.586880, 40.575675 ], [ -111.587009, 40.575419 ], [ -111.587345, 40.575518 ] ] ] } }
,
{ "type": "Feature", "properties": { "Shape_Leng": 121.920059, "Shape_Area": 929.031304 }, "geometry": { "type": "Polygon", "coordinates": [ [ [ -111.588895, 40.576269 ], [ -111.588766, 40.576525 ], [ -111.588430, 40.576426 ], [ -111.588559, 40.576170 ], [ -111.588895, 40.576269 ] ] ] } }
,
{ "type": "Feature", "properties": { "Shape_Leng": 121.920076, "Shape_Area": 929.031561 }, "geometry": { "type": "Polygon", "coordinates": [ [ [ -111.588559, 40.576170 ], [ -111.588430, 40.576426 ], [ -111.588094, 40.576327 ], [ -111.588223, 40.576071 ], [ -111.588559, 40.576170 ] ] ] } }
,
{ "type": "Feature", "properties": { "Shape_Leng": 121.919744, "Shape_Area": 929.026492 }, "geometry": { "type": "Polygon", "coordinates": [ [ [ -111.588223, 40.576071 ], [ -111.588094, 40.576327 ], [ -111.587758, 40.576228 ], [ -111.587887, 40.575972 ], [ -111.588223, 40.576071 ] ] ] } }
,
{ "type": "Feature", "properties": { "Shape_Leng": 121.919687, "Shape_Area": 929.025632 }, "geometry": { "type": "Polygon", "coordinates": [ [ [ -111.587887, 40.575972 ], [ -111.587758, 40.576228 ], [ -111.587422, 40.576129 ], [ -111.587551, 40.575873 ], [ -111.587887, 40.575972 ] ] ] } }
,
{ "type": "Feature", "properties": { "Shape_Leng": 121.920172, "Shape_Area": 929.033024 }, "geometry": { "type": "Polygon", "coordinates": [ [ [ -111.587551, 40.575873 ], [ -111.587422, 40.576129 ], [ -111.587086, 40.576030 ], [ -111.587216, 40.575774 ], [ -111.587551, 40.575873 ] ] ] } }
,
{ "type": "Feature", "properties": { "Shape_Leng": 121.919873, "Shape_Area": 929.028468 }, "geometry": { "type": "Polygon", "coordinates": [ [ [ -111.587216, 40.575774 ], [ -111.587086, 40.576030 ], [ -111.586750, 40.575932 ], [ -111.586880, 40.575675 ], [ -111.587216, 40.575774 ] ] ] } }
,
{ "type": "Feature", "properties": { "Shape_Leng": 121.920172, "Shape_Area": 929.033024 }, "geometry": { "type": "Polygon", "coordinates": [ [ [ -111.588430, 40.576426 ], [ -111.588300, 40.576682 ], [ -111.587964, 40.576583 ], [ -111.588094, 40.576327 ], [ -111.588430, 40.576426 ] ] ] } }
,
{ "type": "Feature", "properties": { "Shape_Leng": 121.920133, "Shape_Area": 929.032421 }, "geometry": { "type": "Polygon", "coordinates": [ [ [ -111.588094, 40.576327 ], [ -111.587964, 40.576583 ], [ -111.587628, 40.576484 ], [ -111.587758, 40.576228 ], [ -111.588094, 40.576327 ] ] ] } }
,
{ "type": "Feature", "properties": { "Shape_Leng": 121.920133, "Shape_Area": 929.032421 }, "geometry": { "type": "Polygon", "coordinates": [ [ [ -111.587758, 40.576228 ], [ -111.587628, 40.576484 ], [ -111.587292, 40.576386 ], [ -111.587422, 40.576129 ], [ -111.587758, 40.576228 ] ] ] } }
,
{ "type": "Feature", "properties": { "Shape_Leng": 121.920059, "Shape_Area": 929.031304 }, "geometry": { "type": "Polygon", "coordinates": [ [ [ -111.587422, 40.576129 ], [ -111.587292, 40.576386 ], [ -111.586956, 40.576287 ], [ -111.587086, 40.576030 ], [ -111.587422, 40.576129 ] ] ] } }
,
{ "type": "Feature", "properties": { "Shape_Leng": 121.919800, "Shape_Area": 929.027351 }, "geometry": { "type": "Polygon", "coordinates": [ [ [ -111.587964, 40.576583 ], [ -111.587834, 40.576839 ], [ -111.587498, 40.576741 ], [ -111.587628, 40.576484 ], [ -111.587964, 40.576583 ] ] ] } }
,
{ "type": "Feature", "properties": { "Shape_Leng": 121.919873, "Shape_Area": 929.028468 }, "geometry": { "type": "Polygon", "coordinates": [ [ [ -111.587628, 40.576484 ], [ -111.587498, 40.576741 ], [ -111.587162, 40.576642 ], [ -111.587292, 40.576386 ], [ -111.587628, 40.576484 ] ] ] } }
,
{ "type": "Feature", "properties": { "Shape_Leng": 121.920076, "Shape_Area": 929.031561 }, "geometry": { "type": "Polygon", "coordinates": [ [ [ -111.587498, 40.576741 ], [ -111.587369, 40.576997 ], [ -111.587033, 40.576898 ], [ -111.587162, 40.576642 ], [ -111.587498, 40.576741 ] ] ] } }
,
{ "type": "Feature", "properties": { "Shape_Leng": 121.919970, "Shape_Area": 929.029940 }, "geometry": { "type": "Polygon", "coordinates": [ [ [ -111.555162, 40.590613 ], [ -111.554866, 40.590770 ], [ -111.554660, 40.590544 ], [ -111.554956, 40.590388 ], [ -111.555162, 40.590613 ] ] ] } }
,
{ "type": "Feature", "properties": { "Shape_Leng": 121.919466, "Shape_Area": 929.022258 }, "geometry": { "type": "Polygon", "coordinates": [ [ [ -111.554956, 40.590388 ], [ -111.554660, 40.590544 ], [ -111.554455, 40.590319 ], [ -111.554751, 40.590162 ], [ -111.554956, 40.590388 ] ] ] } }
,
{ "type": "Feature", "properties": { "Shape_Leng": 121.920161, "Shape_Area": 929.032850 }, "geometry": { "type": "Polygon", "coordinates": [ [ [ -111.556641, 40.589830 ], [ -111.556345, 40.589987 ], [ -111.556140, 40.589761 ], [ -111.556435, 40.589605 ], [ -111.556641, 40.589830 ] ] ] } }
,
{ "type": "Feature", "properties": { "Shape_Leng": 121.919970, "Shape_Area": 929.029940 }, "geometry": { "type": "Polygon", "coordinates": [ [ [ -111.556435, 40.589605 ], [ -111.556140, 40.589761 ], [ -111.555934, 40.589536 ], [ -111.556230, 40.589379 ], [ -111.556435, 40.589605 ] ] ] } }
,
{ "type": "Feature", "properties": { "Shape_Leng": 121.920109, "Shape_Area": 929.032059 }, "geometry": { "type": "Polygon", "coordinates": [ [ [ -111.556230, 40.589379 ], [ -111.555934, 40.589536 ], [ -111.555729, 40.589310 ], [ -111.556025, 40.589153 ], [ -111.556230, 40.589379 ] ] ] } }
,
{ "type": "Feature", "properties": { "Shape_Leng": 121.920274, "Shape_Area": 929.034573 }, "geometry": { "type": "Polygon", "coordinates": [ [ [ -111.556345, 40.589987 ], [ -111.556049, 40.590143 ], [ -111.555844, 40.589918 ], [ -111.556140, 40.589761 ], [ -111.556345, 40.589987 ] ] ] } }
,
{ "type": "Feature", "properties": { "Shape_Leng": 121.920109, "Shape_Area": 929.032059 }, "geometry": { "type": "Polygon", "coordinates": [ [ [ -111.556140, 40.589761 ], [ -111.555844, 40.589918 ], [ -111.555638, 40.589692 ], [ -111.555934, 40.589536 ], [ -111.556140, 40.589761 ] ] ] } }
,
{ "type": "Feature", "properties": { "Shape_Leng": 121.920022, "Shape_Area": 929.030732 }, "geometry": { "type": "Polygon", "coordinates": [ [ [ -111.555934, 40.589536 ], [ -111.555638, 40.589692 ], [ -111.555433, 40.589467 ], [ -111.555729, 40.589310 ], [ -111.555934, 40.589536 ] ] ] } }
,
{ "type": "Feature", "properties": { "Shape_Leng": 121.920361, "Shape_Area": 929.035900 }, "geometry": { "type": "Polygon", "coordinates": [ [ [ -111.556049, 40.590143 ], [ -111.555753, 40.590300 ], [ -111.555548, 40.590074 ], [ -111.555844, 40.589918 ], [ -111.556049, 40.590143 ] ] ] } }
,
{ "type": "Feature", "properties": { "Shape_Leng": 121.919883, "Shape_Area": 929.028613 }, "geometry": { "type": "Polygon", "coordinates": [ [ [ -111.555844, 40.589918 ], [ -111.555548, 40.590074 ], [ -111.555343, 40.589849 ], [ -111.555638, 40.589692 ], [ -111.555844, 40.589918 ] ] ] } }
,
{ "type": "Feature", "properties": { "Shape_Leng": 121.920022, "Shape_Area": 929.030732 }, "geometry": { "type": "Polygon", "coordinates": [ [ [ -111.555638, 40.589692 ], [ -111.555343, 40.589849 ], [ -111.555137, 40.589623 ], [ -111.555433, 40.589467 ], [ -111.555638, 40.589692 ] ] ] } }
,
{ "type": "Feature", "properties": { "Shape_Leng": 121.920021, "Shape_Area": 929.030719 }, "geometry": { "type": "Polygon", "coordinates": [ [ [ -111.561547, 40.587696 ], [ -111.561227, 40.587822 ], [ -111.561062, 40.587578 ], [ -111.561382, 40.587452 ], [ -111.561547, 40.587696 ] ] ] } }
,
{ "type": "Feature", "properties": { "Shape_Leng": 121.920155, "Shape_Area": 929.032767 }, "geometry": { "type": "Polygon", "coordinates": [ [ [ -111.561382, 40.587452 ], [ -111.561062, 40.587578 ], [ -111.560897, 40.587333 ], [ -111.561218, 40.587208 ], [ -111.561382, 40.587452 ] ] ] } }
,
{ "type": "Feature", "properties": { "Shape_Leng": 121.919842, "Shape_Area": 929.028000 }, "geometry": { "type": "Polygon", "coordinates": [ [ [ -111.561218, 40.587208 ], [ -111.560897, 40.587333 ], [ -111.560733, 40.587089 ], [ -111.561053, 40.586964 ], [ -111.561218, 40.587208 ] ] ] } }
,
{ "type": "Feature", "properties": { "Shape_Leng": 121.920067, "Shape_Area": 929.031425 }, "geometry": { "type": "Polygon", "coordinates": [ [ [ -111.561053, 40.586964 ], [ -111.560733, 40.587089 ], [ -111.560568, 40.586845 ], [ -111.560888, 40.586720 ], [ -111.561053, 40.586964 ] ] ] } }
,
{ "type": "Feature", "properties": { "Shape_Leng": 121.920109, "Shape_Area": 929.032059 }, "geometry": { "type": "Polygon", "coordinates": [ [ [ -111.555753, 40.590300 ], [ -111.555458, 40.590457 ], [ -111.555252, 40.590231 ], [ -111.555548, 40.590074 ], [ -111.555753, 40.590300 ] ] ] } }
,
{ "type": "Feature", "properties": { "Shape_Leng": 121.919718, "Shape_Area": 929.026099 }, "geometry": { "type": "Polygon", "coordinates": [ [ [ -111.555548, 40.590074 ], [ -111.555252, 40.590231 ], [ -111.555047, 40.590005 ], [ -111.555343, 40.589849 ], [ -111.555548, 40.590074 ] ] ] } }
,
{ "type": "Feature", "properties": { "Shape_Leng": 121.920023, "Shape_Area": 929.030754 }, "geometry": { "type": "Polygon", "coordinates": [ [ [ -111.561227, 40.587822 ], [ -111.560907, 40.587947 ], [ -111.560742, 40.587703 ], [ -111.561062, 40.587578 ], [ -111.561227, 40.587822 ] ] ] } }
,
{ "type": "Feature", "properties": { "Shape_Leng": 121.920246, "Shape_Area": 929.034144 }, "geometry": { "type": "Polygon", "coordinates": [ [ [ -111.561062, 40.587578 ], [ -111.560742, 40.587703 ], [ -111.560577, 40.587459 ], [ -111.560897, 40.587333 ], [ -111.561062, 40.587578 ] ] ] } }
,
{ "type": "Feature", "properties": { "Shape_Leng": 121.920065, "Shape_Area": 929.031390 }, "geometry": { "type": "Polygon", "coordinates": [ [ [ -111.560897, 40.587333 ], [ -111.560577, 40.587459 ], [ -111.560412, 40.587215 ], [ -111.560733, 40.587089 ], [ -111.560897, 40.587333 ] ] ] } }
,
{ "type": "Feature", "properties": { "Shape_Leng": 121.920065, "Shape_Area": 929.031390 }, "geometry": { "type": "Polygon", "coordinates": [ [ [ -111.560733, 40.587089 ], [ -111.560412, 40.587215 ], [ -111.560248, 40.586971 ], [ -111.560568, 40.586845 ], [ -111.560733, 40.587089 ] ] ] } }
,
{ "type": "Feature", "properties": { "Shape_Leng": 121.919666, "Shape_Area": 929.025307 }, "geometry": { "type": "Polygon", "coordinates": [ [ [ -111.555458, 40.590457 ], [ -111.555162, 40.590613 ], [ -111.554956, 40.590388 ], [ -111.555252, 40.590231 ], [ -111.555458, 40.590457 ] ] ] } }
,
{ "type": "Feature", "properties": { "Shape_Leng": 121.919831, "Shape_Area": 929.027821 }, "geometry": { "type": "Polygon", "coordinates": [ [ [ -111.555252, 40.590231 ], [ -111.554956, 40.590388 ], [ -111.554751, 40.590162 ], [ -111.555047, 40.590005 ], [ -111.555252, 40.590231 ] ] ] } }
,
{ "type": "Feature", "properties": { "Shape_Leng": 121.919933, "Shape_Area": 929.029377 }, "geometry": { "type": "Polygon", "coordinates": [ [ [ -111.560907, 40.587947 ], [ -111.560586, 40.588073 ], [ -111.560422, 40.587829 ], [ -111.560742, 40.587703 ], [ -111.560907, 40.587947 ] ] ] } }
,
{ "type": "Feature", "properties": { "Shape_Leng": 121.920021, "Shape_Area": 929.030719 }, "geometry": { "type": "Polygon", "coordinates": [ [ [ -111.560742, 40.587703 ], [ -111.560422, 40.587829 ], [ -111.560257, 40.587585 ], [ -111.560577, 40.587459 ], [ -111.560742, 40.587703 ] ] ] } }
,
{ "type": "Feature", "properties": { "Shape_Leng": 121.919750, "Shape_Area": 929.026587 }, "geometry": { "type": "Polygon", "coordinates": [ [ [ -111.560577, 40.587459 ], [ -111.560257, 40.587585 ], [ -111.560092, 40.587341 ], [ -111.560412, 40.587215 ], [ -111.560577, 40.587459 ] ] ] } }
,
{ "type": "Feature", "properties": { "Shape_Leng": 121.920067, "Shape_Area": 929.031425 }, "geometry": { "type": "Polygon", "coordinates": [ [ [ -111.560412, 40.587215 ], [ -111.560092, 40.587341 ], [ -111.559927, 40.587096 ], [ -111.560248, 40.586971 ], [ -111.560412, 40.587215 ] ] ] } }
,
{ "type": "Feature", "properties": { "Shape_Leng": 121.920065, "Shape_Area": 929.031390 }, "geometry": { "type": "Polygon", "coordinates": [ [ [ -111.560586, 40.588073 ], [ -111.560266, 40.588199 ], [ -111.560101, 40.587955 ], [ -111.560422, 40.587829 ], [ -111.560586, 40.588073 ] ] ] } }
,
{ "type": "Feature", "properties": { "Shape_Leng": 121.920111, "Shape_Area": 929.032096 }, "geometry": { "type": "Polygon", "coordinates": [ [ [ -111.560422, 40.587829 ], [ -111.560101, 40.587955 ], [ -111.559937, 40.587710 ], [ -111.560257, 40.587585 ], [ -111.560422, 40.587829 ] ] ] } }
,
{ "type": "Feature", "properties": { "Shape_Leng": 121.920155, "Shape_Area": 929.032767 }, "geometry": { "type": "Polygon", "coordinates": [ [ [ -111.560257, 40.587585 ], [ -111.559937, 40.587710 ], [ -111.559772, 40.587466 ], [ -111.560092, 40.587341 ], [ -111.560257, 40.587585 ] ] ] } }
,
{ "type": "Feature", "properties": { "Shape_Leng": 121.920290, "Shape_Area": 929.034815 }, "geometry": { "type": "Polygon", "coordinates": [ [ [ -111.560092, 40.587341 ], [ -111.559772, 40.587466 ], [ -111.559607, 40.587222 ], [ -111.559927, 40.587096 ], [ -111.560092, 40.587341 ] ] ] } }
,
{ "type": "Feature", "properties": { "Shape_Leng": 121.919798, "Shape_Area": 929.027329 }, "geometry": { "type": "Polygon", "coordinates": [ [ [ -111.560266, 40.588199 ], [ -111.559946, 40.588324 ], [ -111.559781, 40.588080 ], [ -111.560101, 40.587955 ], [ -111.560266, 40.588199 ] ] ] } }
,
{ "type": "Feature", "properties": { "Shape_Leng": 121.919887, "Shape_Area": 929.028670 }, "geometry": { "type": "Polygon", "coordinates": [ [ [ -111.560101, 40.587955 ], [ -111.559781, 40.588080 ], [ -111.559616, 40.587836 ], [ -111.559937, 40.587710 ], [ -111.560101, 40.587955 ] ] ] } }
,
{ "type": "Feature", "properties": { "Shape_Leng": 121.919887, "Shape_Area": 929.028671 }, "geometry": { "type": "Polygon", "coordinates": [ [ [ -111.559937, 40.587710 ], [ -111.559616, 40.587836 ], [ -111.559451, 40.587592 ], [ -111.559772, 40.587466 ], [ -111.559937, 40.587710 ] ] ] } }
,
{ "type": "Feature", "properties": { "Shape_Leng": 121.919975, "Shape_Area": 929.030012 }, "geometry": { "type": "Polygon", "coordinates": [ [ [ -111.559772, 40.587466 ], [ -111.559451, 40.587592 ], [ -111.559287, 40.587348 ], [ -111.559607, 40.587222 ], [ -111.559772, 40.587466 ] ] ] } }
,
{ "type": "Feature", "properties": { "Shape_Leng": 121.919984, "Shape_Area": 929.030161 }, "geometry": { "type": "Polygon", "coordinates": [ [ [ -111.565898, 40.587977 ], [ -111.565581, 40.588106 ], [ -111.565411, 40.587864 ], [ -111.565729, 40.587735 ], [ -111.565898, 40.587977 ] ] ] } }
,
{ "type": "Feature", "properties": { "Shape_Leng": 121.919977, "Shape_Area": 929.030048 }, "geometry": { "type": "Polygon", "coordinates": [ [ [ -111.559946, 40.588324 ], [ -111.559626, 40.588450 ], [ -111.559461, 40.588206 ], [ -111.559781, 40.588080 ], [ -111.559946, 40.588324 ] ] ] } }
,
{ "type": "Feature", "properties": { "Shape_Leng": 121.920246, "Shape_Area": 929.034144 }, "geometry": { "type": "Polygon", "coordinates": [ [ [ -111.559781, 40.588080 ], [ -111.559461, 40.588206 ], [ -111.559296, 40.587962 ], [ -111.559616, 40.587836 ], [ -111.559781, 40.588080 ] ] ] } }
,
{ "type": "Feature", "properties": { "Shape_Leng": 121.919977, "Shape_Area": 929.030048 }, "geometry": { "type": "Polygon", "coordinates": [ [ [ -111.559616, 40.587836 ], [ -111.559296, 40.587962 ], [ -111.559131, 40.587717 ], [ -111.559451, 40.587592 ], [ -111.559616, 40.587836 ] ] ] } }
,
{ "type": "Feature", "properties": { "Shape_Leng": 121.919976, "Shape_Area": 929.030031 }, "geometry": { "type": "Polygon", "coordinates": [ [ [ -111.565581, 40.588106 ], [ -111.565263, 40.588235 ], [ -111.565093, 40.587993 ], [ -111.565411, 40.587864 ], [ -111.565581, 40.588106 ] ] ] } }
,
{ "type": "Feature", "properties": { "Shape_Leng": 121.919883, "Shape_Area": 929.028616 }, "geometry": { "type": "Polygon", "coordinates": [ [ [ -111.565411, 40.587864 ], [ -111.565093, 40.587993 ], [ -111.564924, 40.587751 ], [ -111.565242, 40.587622 ], [ -111.565411, 40.587864 ] ] ] } }
,
{ "type": "Feature", "properties": { "Shape_Leng": 121.920021, "Shape_Area": 929.030719 }, "geometry": { "type": "Polygon", "coordinates": [ [ [ -111.559626, 40.588450 ], [ -111.559305, 40.588576 ], [ -111.559141, 40.588331 ], [ -111.559461, 40.588206 ], [ -111.559626, 40.588450 ] ] ] } }
,
{ "type": "Feature", "properties": { "Shape_Leng": 121.920065, "Shape_Area": 929.031390 }, "geometry": { "type": "Polygon", "coordinates": [ [ [ -111.559461, 40.588206 ], [ -111.559141, 40.588331 ], [ -111.558976, 40.588087 ], [ -111.559296, 40.587962 ], [ -111.559461, 40.588206 ] ] ] } }
,
{ "type": "Feature", "properties": { "Shape_Leng": 121.919756, "Shape_Area": 929.026689 }, "geometry": { "type": "Polygon", "coordinates": [ [ [ -111.565263, 40.588235 ], [ -111.564945, 40.588364 ], [ -111.564775, 40.588122 ], [ -111.565093, 40.587993 ], [ -111.565263, 40.588235 ] ] ] } }
,
{ "type": "Feature", "properties": { "Shape_Leng": 121.919756, "Shape_Area": 929.026689 }, "geometry": { "type": "Polygon", "coordinates": [ [ [ -111.565093, 40.587993 ], [ -111.564775, 40.588122 ], [ -111.564606, 40.587880 ], [ -111.564924, 40.587751 ], [ -111.565093, 40.587993 ] ] ] } }
,
{ "type": "Feature", "properties": { "Shape_Leng": 121.920026, "Shape_Area": 929.030803 }, "geometry": { "type": "Polygon", "coordinates": [ [ [ -111.564924, 40.587751 ], [ -111.564606, 40.587880 ], [ -111.564437, 40.587637 ], [ -111.564755, 40.587508 ], [ -111.564924, 40.587751 ] ] ] } }
,
{ "type": "Feature", "properties": { "Shape_Leng": 121.919975, "Shape_Area": 929.030012 }, "geometry": { "type": "Polygon", "coordinates": [ [ [ -111.559305, 40.588576 ], [ -111.558985, 40.588701 ], [ -111.558820, 40.588457 ], [ -111.559141, 40.588331 ], [ -111.559305, 40.588576 ] ] ] } }
,
{ "type": "Feature", "properties": { "Shape_Leng": 121.920246, "Shape_Area": 929.034146 }, "geometry": { "type": "Polygon", "coordinates": [ [ [ -111.564945, 40.588364 ], [ -111.564627, 40.588493 ], [ -111.564457, 40.588251 ], [ -111.564775, 40.588122 ], [ -111.564945, 40.588364 ] ] ] } }
,
{ "type": "Feature", "properties": { "Shape_Leng": 121.919891, "Shape_Area": 929.028746 }, "geometry": { "type": "Polygon", "coordinates": [ [ [ -111.564775, 40.588122 ], [ -111.564457, 40.588251 ], [ -111.564288, 40.588009 ], [ -111.564606, 40.587880 ], [ -111.564775, 40.588122 ] ] ] } }
,
{ "type": "Feature", "properties": { "Shape_Leng": 121.920161, "Shape_Area": 929.032861 }, "geometry": { "type": "Polygon", "coordinates": [ [ [ -111.564606, 40.587880 ], [ -111.564288, 40.588009 ], [ -111.564119, 40.587766 ], [ -111.564437, 40.587637 ], [ -111.564606, 40.587880 ] ] ] } }
,
{ "type": "Feature", "properties": { "Shape_Leng": 121.919934, "Shape_Area": 929.029389 }, "geometry": { "type": "Polygon", "coordinates": [ [ [ -111.564437, 40.587637 ], [ -111.564119, 40.587766 ], [ -111.563950, 40.587524 ], [ -111.564268, 40.587395 ], [ -111.564437, 40.587637 ] ] ] } }
,
{ "type": "Feature", "properties": { "Shape_Leng": 121.919891, "Shape_Area": 929.028746 }, "geometry": { "type": "Polygon", "coordinates": [ [ [ -111.564627, 40.588493 ], [ -111.564309, 40.588622 ], [ -111.564140, 40.588380 ], [ -111.564457, 40.588251 ], [ -111.564627, 40.588493 ] ] ] } }
,
{ "type": "Feature", "properties": { "Shape_Leng": 121.919613, "Shape_Area": 929.024501 }, "geometry": { "type": "Polygon", "coordinates": [ [ [ -111.564457, 40.588251 ], [ -111.564140, 40.588380 ], [ -111.563970, 40.588138 ], [ -111.564288, 40.588009 ], [ -111.564457, 40.588251 ] ] ] } }
,
{ "type": "Feature", "properties": { "Shape_Leng": 121.919799, "Shape_Area": 929.027331 }, "geometry": { "type": "Polygon", "coordinates": [ [ [ -111.564288, 40.588009 ], [ -111.563970, 40.588138 ], [ -111.563801, 40.587895 ], [ -111.564119, 40.587766 ], [ -111.564288, 40.588009 ] ] ] } }
,
{ "type": "Feature", "properties": { "Shape_Leng": 121.920111, "Shape_Area": 929.032088 }, "geometry": { "type": "Polygon", "coordinates": [ [ [ -111.564119, 40.587766 ], [ -111.563801, 40.587895 ], [ -111.563632, 40.587653 ], [ -111.563950, 40.587524 ], [ -111.564119, 40.587766 ] ] ] } }
,
{ "type": "Feature", "properties": { "Shape_Leng": 121.919934, "Shape_Area": 929.029389 }, "geometry": { "type": "Polygon", "coordinates": [ [ [ -111.563950, 40.587524 ], [ -111.563632, 40.587653 ], [ -111.563463, 40.587410 ], [ -111.563781, 40.587281 ], [ -111.563950, 40.587524 ] ] ] } }
,
{ "type": "Feature", "properties": { "Shape_Leng": 121.920026, "Shape_Area": 929.030804 }, "geometry": { "type": "Polygon", "coordinates": [ [ [ -111.564309, 40.588622 ], [ -111.563991, 40.588751 ], [ -111.563822, 40.588509 ], [ -111.564140, 40.588380 ], [ -111.564309, 40.588622 ] ] ] } }
,
{ "type": "Feature", "properties": { "Shape_Leng": 121.920111, "Shape_Area": 929.032088 }, "geometry": { "type": "Polygon", "coordinates": [ [ [ -111.564140, 40.588380 ], [ -111.563822, 40.588509 ], [ -111.563652, 40.588267 ], [ -111.563970, 40.588138 ], [ -111.564140, 40.588380 ] ] ] } }
,
{ "type": "Feature", "properties": { "Shape_Leng": 121.919891, "Shape_Area": 929.028746 }, "geometry": { "type": "Polygon", "coordinates": [ [ [ -111.563970, 40.588138 ], [ -111.563652, 40.588267 ], [ -111.563483, 40.588024 ], [ -111.563801, 40.587895 ], [ -111.563970, 40.588138 ] ] ] } }
,
{ "type": "Feature", "properties": { "Shape_Leng": 121.920161, "Shape_Area": 929.032861 }, "geometry": { "type": "Polygon", "coordinates": [ [ [ -111.563801, 40.587895 ], [ -111.563483, 40.588024 ], [ -111.563314, 40.587782 ], [ -111.563632, 40.587653 ], [ -111.563801, 40.587895 ] ] ] } }
,
{ "type": "Feature", "properties": { "Shape_Leng": 121.920026, "Shape_Area": 929.030804 }, "geometry": { "type": "Polygon", "coordinates": [ [ [ -111.563632, 40.587653 ], [ -111.563314, 40.587782 ], [ -111.563145, 40.587540 ], [ -111.563463, 40.587410 ], [ -111.563632, 40.587653 ] ] ] } }
,
{ "type": "Feature", "properties": { "Shape_Leng": 121.919934, "Shape_Area": 929.029389 }, "geometry": { "type": "Polygon", "coordinates": [ [ [ -111.563991, 40.588751 ], [ -111.563673, 40.588880 ], [ -111.563504, 40.588638 ], [ -111.563822, 40.588509 ], [ -111.563991, 40.588751 ] ] ] } }
,
{ "type": "Feature", "properties": { "Shape_Leng": 121.919849, "Shape_Area": 929.028104 }, "geometry": { "type": "Polygon", "coordinates": [ [ [ -111.563822, 40.588509 ], [ -111.563504, 40.588638 ], [ -111.563334, 40.588396 ], [ -111.563652, 40.588267 ], [ -111.563822, 40.588509 ] ] ] } }
,
{ "type": "Feature", "properties": { "Shape_Leng": 121.919984, "Shape_Area": 929.030161 }, "geometry": { "type": "Polygon", "coordinates": [ [ [ -111.563673, 40.588880 ], [ -111.563355, 40.589009 ], [ -111.563186, 40.588767 ], [ -111.563504, 40.588638 ], [ -111.563673, 40.588880 ] ] ] } }
,
{ "type": "Feature", "properties": { "Shape_Leng": 121.919976, "Shape_Area": 929.030031 }, "geometry": { "type": "Polygon", "coordinates": [ [ [ -111.563504, 40.588638 ], [ -111.563186, 40.588767 ], [ -111.563016, 40.588525 ], [ -111.563334, 40.588396 ], [ -111.563504, 40.588638 ] ] ] } }
,
{ "type": "Feature", "properties": { "Shape_Leng": 121.920204, "Shape_Area": 929.033503 }, "geometry": { "type": "Polygon", "coordinates": [ [ [ -111.563355, 40.589009 ], [ -111.563037, 40.589138 ], [ -111.562868, 40.588896 ], [ -111.563186, 40.588767 ], [ -111.563355, 40.589009 ] ] ] } }

]
}
