{
"type": "FeatureCollection",
"features": [
{ "type": "Feature", "properties": { "Name": "Thor 7", "Shape_Leng": 715.943588, "Phase": "Phase 3", "Acres": 4.573699, "Shape_Le_1": 715.943588, "Shape_Area": 18509.102938 }, "geometry": { "type": "Polygon", "coordinates": [ [ [ -111.565898, 40.587977 ], [ -111.562902, 40.589193 ], [ -111.563649, 40.588265 ], [ -111.563314, 40.587885 ], [ -111.563569, 40.587462 ], [ -111.565898, 40.587977 ] ] ] } }
,
{ "type": "Feature", "properties": { "Name": "Dawn", "Shape_Leng": 677.774676, "Phase": "Phase 3", "Acres": 5.662160, "Shape_Le_1": 677.774676, "Shape_Area": 22913.947289 }, "geometry": { "type": "Polygon", "coordinates": [ [ [ -111.587752, 40.574723 ], [ -111.589131, 40.576078 ], [ -111.587284, 40.576891 ], [ -111.586935, 40.575146 ], [ -111.587469, 40.575259 ], [ -111.587752, 40.574723 ] ] ] } }
,
{ "type": "Feature", "properties": { "Name": "Kimball #5", "Shape_Leng": 1340.152834, "Phase": "Phase 3", "Acres": 22.358918, "Shape_Le_1": 1340.152834, "Shape_Area": 90483.331596 }, "geometry": { "type": "Polygon", "coordinates": [ [ [ -111.585983, 40.573540 ], [ -111.583925, 40.573124 ], [ -111.586037, 40.568952 ], [ -111.588164, 40.569686 ], [ -111.585983, 40.573540 ] ] ] } }
,
{ "type": "Feature", "properties": { "Name": "Kimball #6", "Shape_Leng": 1277.794928, "Phase": "Phase 3", "Acres": 15.923997, "Shape_Le_1": 1277.794928, "Shape_Area": 64442.127601 }, "geometry": { "type": "Polygon", "coordinates": [ [ [ -111.589469, 40.571461 ], [ -111.587472, 40.575261 ], [ -111.586931, 40.575136 ], [ -111.586902, 40.574909 ], [ -111.587064, 40.574921 ], [ -111.587394, 40.573837 ], [ -111.585987, 40.573542 ], [ -111.587427, 40.570988 ], [ -111.589469, 40.571461 ] ] ] } }
,
{ "type": "Feature", "properties": { "Name": "June", "Shape_Leng": 477.960898, "Phase": "Phase 3", "Acres": 2.633655, "Shape_Le_1": 477.960898, "Shape_Area": 10658.022696 }, "geometry": { "type": "Polygon", "coordinates": [ [ [ -111.556110, 40.589280 ], [ -111.556641, 40.589830 ], [ -111.555141, 40.590624 ], [ -111.554492, 40.590468 ], [ -111.556110, 40.589280 ] ] ] } }
,
{ "type": "Feature", "properties": { "Name": "Agathos 16", "Shape_Leng": 636.338179, "Phase": "Phase 3", "Acres": 4.989852, "Shape_Le_1": 636.338179, "Shape_Area": 20193.214721 }, "geometry": { "type": "Polygon", "coordinates": [ [ [ -111.561547, 40.587696 ], [ -111.558995, 40.588697 ], [ -111.559378, 40.587610 ], [ -111.560663, 40.586783 ], [ -111.561547, 40.587696 ] ] ] } }

]
}
