{
"type": "FeatureCollection",
"features": [
{ "type": "Feature", "properties": { "Shape_Leng": 121.919869, "Shape_Area": 929.028398 }, "geometry": { "type": "Polygon", "coordinates": [ [ [ -111.593694, 40.584791 ], [ -111.593408, 40.584958 ], [ -111.593189, 40.584740 ], [ -111.593475, 40.584573 ], [ -111.593694, 40.584791 ] ] ] } }
,
{ "type": "Feature", "properties": { "Shape_Leng": 121.920028, "Shape_Area": 929.030831 }, "geometry": { "type": "Polygon", "coordinates": [ [ [ -111.593475, 40.584573 ], [ -111.593189, 40.584740 ], [ -111.592970, 40.584522 ], [ -111.593256, 40.584355 ], [ -111.593475, 40.584573 ] ] ] } }
,
{ "type": "Feature", "properties": { "Shape_Leng": 121.919908, "Shape_Area": 929.028995 }, "geometry": { "type": "Polygon", "coordinates": [ [ [ -111.593256, 40.584355 ], [ -111.592970, 40.584522 ], [ -111.592751, 40.584304 ], [ -111.593037, 40.584137 ], [ -111.593256, 40.584355 ] ] ] } }
,
{ "type": "Feature", "properties": { "Shape_Leng": 121.920110, "Shape_Area": 929.032070 }, "geometry": { "type": "Polygon", "coordinates": [ [ [ -111.593037, 40.584137 ], [ -111.592751, 40.584304 ], [ -111.592532, 40.584086 ], [ -111.592818, 40.583919 ], [ -111.593037, 40.584137 ] ] ] } }
,
{ "type": "Feature", "properties": { "Shape_Leng": 121.920028, "Shape_Area": 929.030831 }, "geometry": { "type": "Polygon", "coordinates": [ [ [ -111.592818, 40.583919 ], [ -111.592532, 40.584086 ], [ -111.592313, 40.583868 ], [ -111.592599, 40.583701 ], [ -111.592818, 40.583919 ] ] ] } }
,
{ "type": "Feature", "properties": { "Shape_Leng": 121.919989, "Shape_Area": 929.030234 }, "geometry": { "type": "Polygon", "coordinates": [ [ [ -111.593408, 40.584958 ], [ -111.593122, 40.585125 ], [ -111.592903, 40.584907 ], [ -111.593189, 40.584740 ], [ -111.593408, 40.584958 ] ] ] } }
,
{ "type": "Feature", "properties": { "Shape_Leng": 121.919989, "Shape_Area": 929.030234 }, "geometry": { "type": "Polygon", "coordinates": [ [ [ -111.593189, 40.584740 ], [ -111.592903, 40.584907 ], [ -111.592684, 40.584689 ], [ -111.592970, 40.584522 ], [ -111.593189, 40.584740 ] ] ] } }
,
{ "type": "Feature", "properties": { "Shape_Leng": 121.920188, "Shape_Area": 929.033264 }, "geometry": { "type": "Polygon", "coordinates": [ [ [ -111.592970, 40.584522 ], [ -111.592684, 40.584689 ], [ -111.592465, 40.584471 ], [ -111.592751, 40.584304 ], [ -111.592970, 40.584522 ] ] ] } }
,
{ "type": "Feature", "properties": { "Shape_Leng": 121.920028, "Shape_Area": 929.030831 }, "geometry": { "type": "Polygon", "coordinates": [ [ [ -111.592751, 40.584304 ], [ -111.592465, 40.584471 ], [ -111.592246, 40.584253 ], [ -111.592532, 40.584086 ], [ -111.592751, 40.584304 ] ] ] } }
,
{ "type": "Feature", "properties": { "Shape_Leng": 121.919768, "Shape_Area": 929.026860 }, "geometry": { "type": "Polygon", "coordinates": [ [ [ -111.592532, 40.584086 ], [ -111.592246, 40.584253 ], [ -111.592027, 40.584035 ], [ -111.592313, 40.583868 ], [ -111.592532, 40.584086 ] ] ] } }
,
{ "type": "Feature", "properties": { "Shape_Leng": 121.920149, "Shape_Area": 929.032667 }, "geometry": { "type": "Polygon", "coordinates": [ [ [ -111.593122, 40.585125 ], [ -111.592836, 40.585292 ], [ -111.592617, 40.585074 ], [ -111.592903, 40.584907 ], [ -111.593122, 40.585125 ] ] ] } }
,
{ "type": "Feature", "properties": { "Shape_Leng": 121.920028, "Shape_Area": 929.030831 }, "geometry": { "type": "Polygon", "coordinates": [ [ [ -111.592903, 40.584907 ], [ -111.592617, 40.585074 ], [ -111.592398, 40.584856 ], [ -111.592684, 40.584689 ], [ -111.592903, 40.584907 ] ] ] } }
,
{ "type": "Feature", "properties": { "Shape_Leng": 121.920168, "Shape_Area": 929.032965 }, "geometry": { "type": "Polygon", "coordinates": [ [ [ -111.592684, 40.584689 ], [ -111.592398, 40.584856 ], [ -111.592179, 40.584638 ], [ -111.592465, 40.584471 ], [ -111.592684, 40.584689 ] ] ] } }
,
{ "type": "Feature", "properties": { "Shape_Leng": 121.920067, "Shape_Area": 929.031428 }, "geometry": { "type": "Polygon", "coordinates": [ [ [ -111.592465, 40.584471 ], [ -111.592179, 40.584638 ], [ -111.591960, 40.584420 ], [ -111.592246, 40.584253 ], [ -111.592465, 40.584471 ] ] ] } }
,
{ "type": "Feature", "properties": { "Shape_Leng": 121.919748, "Shape_Area": 929.026562 }, "geometry": { "type": "Polygon", "coordinates": [ [ [ -111.592246, 40.584253 ], [ -111.591960, 40.584420 ], [ -111.591741, 40.584201 ], [ -111.592027, 40.584035 ], [ -111.592246, 40.584253 ] ] ] } }
,
{ "type": "Feature", "properties": { "Shape_Leng": 121.920168, "Shape_Area": 929.032966 }, "geometry": { "type": "Polygon", "coordinates": [ [ [ -111.592836, 40.585292 ], [ -111.592550, 40.585459 ], [ -111.592331, 40.585241 ], [ -111.592617, 40.585074 ], [ -111.592836, 40.585292 ] ] ] } }
,
{ "type": "Feature", "properties": { "Shape_Leng": 121.919927, "Shape_Area": 929.029293 }, "geometry": { "type": "Polygon", "coordinates": [ [ [ -111.592617, 40.585074 ], [ -111.592331, 40.585241 ], [ -111.592112, 40.585022 ], [ -111.592398, 40.584856 ], [ -111.592617, 40.585074 ] ] ] } }
,
{ "type": "Feature", "properties": { "Shape_Leng": 121.919970, "Shape_Area": 929.029936 }, "geometry": { "type": "Polygon", "coordinates": [ [ [ -111.592398, 40.584856 ], [ -111.592112, 40.585022 ], [ -111.591893, 40.584804 ], [ -111.592179, 40.584638 ], [ -111.592398, 40.584856 ] ] ] } }
,
{ "type": "Feature", "properties": { "Shape_Leng": 121.920269, "Shape_Area": 929.034503 }, "geometry": { "type": "Polygon", "coordinates": [ [ [ -111.592179, 40.584638 ], [ -111.591893, 40.584804 ], [ -111.591674, 40.584586 ], [ -111.591960, 40.584420 ], [ -111.592179, 40.584638 ] ] ] } }
,
{ "type": "Feature", "properties": { "Shape_Leng": 121.919908, "Shape_Area": 929.028995 }, "geometry": { "type": "Polygon", "coordinates": [ [ [ -111.591960, 40.584420 ], [ -111.591674, 40.584586 ], [ -111.591455, 40.584368 ], [ -111.591741, 40.584201 ], [ -111.591960, 40.584420 ] ] ] } }
,
{ "type": "Feature", "properties": { "Shape_Leng": 121.919908, "Shape_Area": 929.028995 }, "geometry": { "type": "Polygon", "coordinates": [ [ [ -111.592550, 40.585459 ], [ -111.592264, 40.585625 ], [ -111.592045, 40.585407 ], [ -111.592331, 40.585241 ], [ -111.592550, 40.585459 ] ] ] } }
,
{ "type": "Feature", "properties": { "Shape_Leng": 121.919768, "Shape_Area": 929.026860 }, "geometry": { "type": "Polygon", "coordinates": [ [ [ -111.592331, 40.585241 ], [ -111.592045, 40.585407 ], [ -111.591826, 40.585189 ], [ -111.592112, 40.585022 ], [ -111.592331, 40.585241 ] ] ] } }
,
{ "type": "Feature", "properties": { "Shape_Leng": 121.920028, "Shape_Area": 929.030831 }, "geometry": { "type": "Polygon", "coordinates": [ [ [ -111.592112, 40.585022 ], [ -111.591826, 40.585189 ], [ -111.591607, 40.584971 ], [ -111.591893, 40.584804 ], [ -111.592112, 40.585022 ] ] ] } }
,
{ "type": "Feature", "properties": { "Shape_Leng": 121.919888, "Shape_Area": 929.028697 }, "geometry": { "type": "Polygon", "coordinates": [ [ [ -111.591893, 40.584804 ], [ -111.591607, 40.584971 ], [ -111.591388, 40.584753 ], [ -111.591674, 40.584586 ], [ -111.591893, 40.584804 ] ] ] } }
,
{ "type": "Feature", "properties": { "Shape_Leng": 121.919888, "Shape_Area": 929.028697 }, "geometry": { "type": "Polygon", "coordinates": [ [ [ -111.591674, 40.584586 ], [ -111.591388, 40.584753 ], [ -111.591169, 40.584535 ], [ -111.591455, 40.584368 ], [ -111.591674, 40.584586 ] ] ] } }
,
{ "type": "Feature", "properties": { "Shape_Leng": 121.920409, "Shape_Area": 929.036638 }, "geometry": { "type": "Polygon", "coordinates": [ [ [ -111.592264, 40.585625 ], [ -111.591978, 40.585792 ], [ -111.591759, 40.585574 ], [ -111.592045, 40.585407 ], [ -111.592264, 40.585625 ] ] ] } }
,
{ "type": "Feature", "properties": { "Shape_Leng": 121.920009, "Shape_Area": 929.030533 }, "geometry": { "type": "Polygon", "coordinates": [ [ [ -111.592045, 40.585407 ], [ -111.591759, 40.585574 ], [ -111.591540, 40.585356 ], [ -111.591826, 40.585189 ], [ -111.592045, 40.585407 ] ] ] } }
,
{ "type": "Feature", "properties": { "Shape_Leng": 121.920168, "Shape_Area": 929.032965 }, "geometry": { "type": "Polygon", "coordinates": [ [ [ -111.591826, 40.585189 ], [ -111.591540, 40.585356 ], [ -111.591321, 40.585138 ], [ -111.591607, 40.584971 ], [ -111.591826, 40.585189 ] ] ] } }
,
{ "type": "Feature", "properties": { "Shape_Leng": 121.920009, "Shape_Area": 929.030533 }, "geometry": { "type": "Polygon", "coordinates": [ [ [ -111.591607, 40.584971 ], [ -111.591321, 40.585138 ], [ -111.591102, 40.584920 ], [ -111.591388, 40.584753 ], [ -111.591607, 40.584971 ] ] ] } }
,
{ "type": "Feature", "properties": { "Shape_Leng": 121.920168, "Shape_Area": 929.032965 }, "geometry": { "type": "Polygon", "coordinates": [ [ [ -111.591388, 40.584753 ], [ -111.591102, 40.584920 ], [ -111.590883, 40.584702 ], [ -111.591169, 40.584535 ], [ -111.591388, 40.584753 ] ] ] } }
,
{ "type": "Feature", "properties": { "Shape_Leng": 121.920269, "Shape_Area": 929.034503 }, "geometry": { "type": "Polygon", "coordinates": [ [ [ -111.591978, 40.585792 ], [ -111.591692, 40.585959 ], [ -111.591473, 40.585741 ], [ -111.591759, 40.585574 ], [ -111.591978, 40.585792 ] ] ] } }
,
{ "type": "Feature", "properties": { "Shape_Leng": 121.919908, "Shape_Area": 929.028995 }, "geometry": { "type": "Polygon", "coordinates": [ [ [ -111.591759, 40.585574 ], [ -111.591473, 40.585741 ], [ -111.591254, 40.585523 ], [ -111.591540, 40.585356 ], [ -111.591759, 40.585574 ] ] ] } }
,
{ "type": "Feature", "properties": { "Shape_Leng": 121.919768, "Shape_Area": 929.026860 }, "geometry": { "type": "Polygon", "coordinates": [ [ [ -111.591540, 40.585356 ], [ -111.591254, 40.585523 ], [ -111.591035, 40.585305 ], [ -111.591321, 40.585138 ], [ -111.591540, 40.585356 ] ] ] } }
,
{ "type": "Feature", "properties": { "Shape_Leng": 121.919869, "Shape_Area": 929.028398 }, "geometry": { "type": "Polygon", "coordinates": [ [ [ -111.591321, 40.585138 ], [ -111.591035, 40.585305 ], [ -111.590816, 40.585087 ], [ -111.591102, 40.584920 ], [ -111.591321, 40.585138 ] ] ] } }
,
{ "type": "Feature", "properties": { "Shape_Leng": 121.919888, "Shape_Area": 929.028696 }, "geometry": { "type": "Polygon", "coordinates": [ [ [ -111.591102, 40.584920 ], [ -111.590816, 40.585087 ], [ -111.590597, 40.584869 ], [ -111.590883, 40.584702 ], [ -111.591102, 40.584920 ] ] ] } }
,
{ "type": "Feature", "properties": { "Shape_Leng": 121.920168, "Shape_Area": 929.032965 }, "geometry": { "type": "Polygon", "coordinates": [ [ [ -111.591692, 40.585959 ], [ -111.591406, 40.586126 ], [ -111.591187, 40.585908 ], [ -111.591473, 40.585741 ], [ -111.591692, 40.585959 ] ] ] } }
,
{ "type": "Feature", "properties": { "Shape_Leng": 121.920188, "Shape_Area": 929.033264 }, "geometry": { "type": "Polygon", "coordinates": [ [ [ -111.591473, 40.585741 ], [ -111.591187, 40.585908 ], [ -111.590968, 40.585690 ], [ -111.591254, 40.585523 ], [ -111.591473, 40.585741 ] ] ] } }
,
{ "type": "Feature", "properties": { "Shape_Leng": 121.920028, "Shape_Area": 929.030831 }, "geometry": { "type": "Polygon", "coordinates": [ [ [ -111.591254, 40.585523 ], [ -111.590968, 40.585690 ], [ -111.590749, 40.585472 ], [ -111.591035, 40.585305 ], [ -111.591254, 40.585523 ] ] ] } }
,
{ "type": "Feature", "properties": { "Shape_Leng": 121.920149, "Shape_Area": 929.032667 }, "geometry": { "type": "Polygon", "coordinates": [ [ [ -111.591035, 40.585305 ], [ -111.590749, 40.585472 ], [ -111.590530, 40.585254 ], [ -111.590816, 40.585087 ], [ -111.591035, 40.585305 ] ] ] } }
,
{ "type": "Feature", "properties": { "Shape_Leng": 121.920168, "Shape_Area": 929.032966 }, "geometry": { "type": "Polygon", "coordinates": [ [ [ -111.590816, 40.585087 ], [ -111.590530, 40.585254 ], [ -111.590311, 40.585036 ], [ -111.590597, 40.584869 ], [ -111.590816, 40.585087 ] ] ] } }
,
{ "type": "Feature", "properties": { "Shape_Leng": 121.919908, "Shape_Area": 929.028995 }, "geometry": { "type": "Polygon", "coordinates": [ [ [ -111.591406, 40.586126 ], [ -111.591120, 40.586293 ], [ -111.590901, 40.586075 ], [ -111.591187, 40.585908 ], [ -111.591406, 40.586126 ] ] ] } }
,
{ "type": "Feature", "properties": { "Shape_Leng": 121.920149, "Shape_Area": 929.032667 }, "geometry": { "type": "Polygon", "coordinates": [ [ [ -111.591187, 40.585908 ], [ -111.590901, 40.586075 ], [ -111.590682, 40.585857 ], [ -111.590968, 40.585690 ], [ -111.591187, 40.585908 ] ] ] } }
,
{ "type": "Feature", "properties": { "Shape_Leng": 121.920009, "Shape_Area": 929.030533 }, "geometry": { "type": "Polygon", "coordinates": [ [ [ -111.590968, 40.585690 ], [ -111.590682, 40.585857 ], [ -111.590463, 40.585639 ], [ -111.590749, 40.585472 ], [ -111.590968, 40.585690 ] ] ] } }
,
{ "type": "Feature", "properties": { "Shape_Leng": 121.920188, "Shape_Area": 929.033264 }, "geometry": { "type": "Polygon", "coordinates": [ [ [ -111.590749, 40.585472 ], [ -111.590463, 40.585639 ], [ -111.590244, 40.585421 ], [ -111.590530, 40.585254 ], [ -111.590749, 40.585472 ] ] ] } }
,
{ "type": "Feature", "properties": { "Shape_Leng": 121.919647, "Shape_Area": 929.025024 }, "geometry": { "type": "Polygon", "coordinates": [ [ [ -111.590530, 40.585254 ], [ -111.590244, 40.585421 ], [ -111.590025, 40.585203 ], [ -111.590311, 40.585036 ], [ -111.590530, 40.585254 ] ] ] } }
,
{ "type": "Feature", "properties": { "Shape_Leng": 121.919849, "Shape_Area": 929.028100 }, "geometry": { "type": "Polygon", "coordinates": [ [ [ -111.590311, 40.585036 ], [ -111.590025, 40.585203 ], [ -111.589806, 40.584985 ], [ -111.590092, 40.584818 ], [ -111.590311, 40.585036 ] ] ] } }
,
{ "type": "Feature", "properties": { "Shape_Leng": 121.920188, "Shape_Area": 929.033264 }, "geometry": { "type": "Polygon", "coordinates": [ [ [ -111.590092, 40.584818 ], [ -111.589806, 40.584985 ], [ -111.589588, 40.584767 ], [ -111.589874, 40.584600 ], [ -111.590092, 40.584818 ] ] ] } }
,
{ "type": "Feature", "properties": { "Shape_Leng": 121.919888, "Shape_Area": 929.028697 }, "geometry": { "type": "Polygon", "coordinates": [ [ [ -111.589874, 40.584600 ], [ -111.589588, 40.584767 ], [ -111.589369, 40.584549 ], [ -111.589655, 40.584382 ], [ -111.589874, 40.584600 ] ] ] } }
,
{ "type": "Feature", "properties": { "Shape_Leng": 121.920168, "Shape_Area": 929.032965 }, "geometry": { "type": "Polygon", "coordinates": [ [ [ -111.589655, 40.584382 ], [ -111.589369, 40.584549 ], [ -111.589150, 40.584330 ], [ -111.589436, 40.584164 ], [ -111.589655, 40.584382 ] ] ] } }
,
{ "type": "Feature", "properties": { "Shape_Leng": 121.919989, "Shape_Area": 929.030234 }, "geometry": { "type": "Polygon", "coordinates": [ [ [ -111.589436, 40.584164 ], [ -111.589150, 40.584330 ], [ -111.588931, 40.584112 ], [ -111.589217, 40.583946 ], [ -111.589436, 40.584164 ] ] ] } }
,
{ "type": "Feature", "properties": { "Shape_Leng": 121.920328, "Shape_Area": 929.035398 }, "geometry": { "type": "Polygon", "coordinates": [ [ [ -111.589217, 40.583946 ], [ -111.588931, 40.584112 ], [ -111.588712, 40.583894 ], [ -111.588998, 40.583727 ], [ -111.589217, 40.583946 ] ] ] } }
,
{ "type": "Feature", "properties": { "Shape_Leng": 121.919729, "Shape_Area": 929.026264 }, "geometry": { "type": "Polygon", "coordinates": [ [ [ -111.591120, 40.586293 ], [ -111.590834, 40.586460 ], [ -111.590615, 40.586242 ], [ -111.590901, 40.586075 ], [ -111.591120, 40.586293 ] ] ] } }
,
{ "type": "Feature", "properties": { "Shape_Leng": 121.920188, "Shape_Area": 929.033264 }, "geometry": { "type": "Polygon", "coordinates": [ [ [ -111.590901, 40.586075 ], [ -111.590615, 40.586242 ], [ -111.590396, 40.586024 ], [ -111.590682, 40.585857 ], [ -111.590901, 40.586075 ] ] ] } }
,
{ "type": "Feature", "properties": { "Shape_Leng": 121.919888, "Shape_Area": 929.028696 }, "geometry": { "type": "Polygon", "coordinates": [ [ [ -111.590682, 40.585857 ], [ -111.590396, 40.586024 ], [ -111.590177, 40.585806 ], [ -111.590463, 40.585639 ], [ -111.590682, 40.585857 ] ] ] } }
,
{ "type": "Feature", "properties": { "Shape_Leng": 121.920149, "Shape_Area": 929.032667 }, "geometry": { "type": "Polygon", "coordinates": [ [ [ -111.590463, 40.585639 ], [ -111.590177, 40.585806 ], [ -111.589958, 40.585588 ], [ -111.590244, 40.585421 ], [ -111.590463, 40.585639 ] ] ] } }
,
{ "type": "Feature", "properties": { "Shape_Leng": 121.920028, "Shape_Area": 929.030831 }, "geometry": { "type": "Polygon", "coordinates": [ [ [ -111.590244, 40.585421 ], [ -111.589958, 40.585588 ], [ -111.589739, 40.585370 ], [ -111.590025, 40.585203 ], [ -111.590244, 40.585421 ] ] ] } }
,
{ "type": "Feature", "properties": { "Shape_Leng": 121.920009, "Shape_Area": 929.030533 }, "geometry": { "type": "Polygon", "coordinates": [ [ [ -111.590025, 40.585203 ], [ -111.589739, 40.585370 ], [ -111.589520, 40.585152 ], [ -111.589806, 40.584985 ], [ -111.590025, 40.585203 ] ] ] } }
,
{ "type": "Feature", "properties": { "Shape_Leng": 121.920048, "Shape_Area": 929.031129 }, "geometry": { "type": "Polygon", "coordinates": [ [ [ -111.589806, 40.584985 ], [ -111.589520, 40.585152 ], [ -111.589301, 40.584933 ], [ -111.589588, 40.584767 ], [ -111.589806, 40.584985 ] ] ] } }
,
{ "type": "Feature", "properties": { "Shape_Leng": 121.919989, "Shape_Area": 929.030234 }, "geometry": { "type": "Polygon", "coordinates": [ [ [ -111.589588, 40.584767 ], [ -111.589301, 40.584933 ], [ -111.589083, 40.584715 ], [ -111.589369, 40.584549 ], [ -111.589588, 40.584767 ] ] ] } }
,
{ "type": "Feature", "properties": { "Shape_Leng": 121.920009, "Shape_Area": 929.030533 }, "geometry": { "type": "Polygon", "coordinates": [ [ [ -111.589369, 40.584549 ], [ -111.589083, 40.584715 ], [ -111.588864, 40.584497 ], [ -111.589150, 40.584330 ], [ -111.589369, 40.584549 ] ] ] } }
,
{ "type": "Feature", "properties": { "Shape_Leng": 121.919908, "Shape_Area": 929.028995 }, "geometry": { "type": "Polygon", "coordinates": [ [ [ -111.589150, 40.584330 ], [ -111.588864, 40.584497 ], [ -111.588645, 40.584279 ], [ -111.588931, 40.584112 ], [ -111.589150, 40.584330 ] ] ] } }
,
{ "type": "Feature", "properties": { "Shape_Leng": 121.920067, "Shape_Area": 929.031428 }, "geometry": { "type": "Polygon", "coordinates": [ [ [ -111.588931, 40.584112 ], [ -111.588645, 40.584279 ], [ -111.588426, 40.584061 ], [ -111.588712, 40.583894 ], [ -111.588931, 40.584112 ] ] ] } }
,
{ "type": "Feature", "properties": { "Shape_Leng": 121.920168, "Shape_Area": 929.032966 }, "geometry": { "type": "Polygon", "coordinates": [ [ [ -111.590834, 40.586460 ], [ -111.590548, 40.586627 ], [ -111.590329, 40.586409 ], [ -111.590615, 40.586242 ], [ -111.590834, 40.586460 ] ] ] } }
,
{ "type": "Feature", "properties": { "Shape_Leng": 121.919908, "Shape_Area": 929.028995 }, "geometry": { "type": "Polygon", "coordinates": [ [ [ -111.590615, 40.586242 ], [ -111.590329, 40.586409 ], [ -111.590110, 40.586191 ], [ -111.590396, 40.586024 ], [ -111.590615, 40.586242 ] ] ] } }
,
{ "type": "Feature", "properties": { "Shape_Leng": 121.919709, "Shape_Area": 929.025965 }, "geometry": { "type": "Polygon", "coordinates": [ [ [ -111.590396, 40.586024 ], [ -111.590110, 40.586191 ], [ -111.589891, 40.585973 ], [ -111.590177, 40.585806 ], [ -111.590396, 40.586024 ] ] ] } }
,
{ "type": "Feature", "properties": { "Shape_Leng": 121.920168, "Shape_Area": 929.032966 }, "geometry": { "type": "Polygon", "coordinates": [ [ [ -111.590177, 40.585806 ], [ -111.589891, 40.585973 ], [ -111.589672, 40.585755 ], [ -111.589958, 40.585588 ], [ -111.590177, 40.585806 ] ] ] } }
,
{ "type": "Feature", "properties": { "Shape_Leng": 121.919768, "Shape_Area": 929.026860 }, "geometry": { "type": "Polygon", "coordinates": [ [ [ -111.589958, 40.585588 ], [ -111.589672, 40.585755 ], [ -111.589453, 40.585536 ], [ -111.589739, 40.585370 ], [ -111.589958, 40.585588 ] ] ] } }
,
{ "type": "Feature", "properties": { "Shape_Leng": 121.920009, "Shape_Area": 929.030533 }, "geometry": { "type": "Polygon", "coordinates": [ [ [ -111.589739, 40.585370 ], [ -111.589453, 40.585536 ], [ -111.589234, 40.585318 ], [ -111.589520, 40.585152 ], [ -111.589739, 40.585370 ] ] ] } }
,
{ "type": "Feature", "properties": { "Shape_Leng": 121.920028, "Shape_Area": 929.030831 }, "geometry": { "type": "Polygon", "coordinates": [ [ [ -111.589520, 40.585152 ], [ -111.589234, 40.585318 ], [ -111.589015, 40.585100 ], [ -111.589301, 40.584933 ], [ -111.589520, 40.585152 ] ] ] } }
,
{ "type": "Feature", "properties": { "Shape_Leng": 121.920448, "Shape_Area": 929.037235 }, "geometry": { "type": "Polygon", "coordinates": [ [ [ -111.589301, 40.584933 ], [ -111.589015, 40.585100 ], [ -111.588797, 40.584882 ], [ -111.589083, 40.584715 ], [ -111.589301, 40.584933 ] ] ] } }
,
{ "type": "Feature", "properties": { "Shape_Leng": 121.919908, "Shape_Area": 929.028995 }, "geometry": { "type": "Polygon", "coordinates": [ [ [ -111.589083, 40.584715 ], [ -111.588797, 40.584882 ], [ -111.588578, 40.584664 ], [ -111.588864, 40.584497 ], [ -111.589083, 40.584715 ] ] ] } }
,
{ "type": "Feature", "properties": { "Shape_Leng": 121.920168, "Shape_Area": 929.032965 }, "geometry": { "type": "Polygon", "coordinates": [ [ [ -111.588864, 40.584497 ], [ -111.588578, 40.584664 ], [ -111.588359, 40.584446 ], [ -111.588645, 40.584279 ], [ -111.588864, 40.584497 ] ] ] } }
,
{ "type": "Feature", "properties": { "Shape_Leng": 121.920028, "Shape_Area": 929.030831 }, "geometry": { "type": "Polygon", "coordinates": [ [ [ -111.590548, 40.586627 ], [ -111.590262, 40.586794 ], [ -111.590043, 40.586576 ], [ -111.590329, 40.586409 ], [ -111.590548, 40.586627 ] ] ] } }
,
{ "type": "Feature", "properties": { "Shape_Leng": 121.920067, "Shape_Area": 929.031428 }, "geometry": { "type": "Polygon", "coordinates": [ [ [ -111.590329, 40.586409 ], [ -111.590043, 40.586576 ], [ -111.589824, 40.586357 ], [ -111.590110, 40.586191 ], [ -111.590329, 40.586409 ] ] ] } }
,
{ "type": "Feature", "properties": { "Shape_Leng": 121.919748, "Shape_Area": 929.026562 }, "geometry": { "type": "Polygon", "coordinates": [ [ [ -111.590110, 40.586191 ], [ -111.589824, 40.586357 ], [ -111.589605, 40.586139 ], [ -111.589891, 40.585973 ], [ -111.590110, 40.586191 ] ] ] } }
,
{ "type": "Feature", "properties": { "Shape_Leng": 121.920289, "Shape_Area": 929.034802 }, "geometry": { "type": "Polygon", "coordinates": [ [ [ -111.589891, 40.585973 ], [ -111.589605, 40.586139 ], [ -111.589386, 40.585921 ], [ -111.589672, 40.585755 ], [ -111.589891, 40.585973 ] ] ] } }
,
{ "type": "Feature", "properties": { "Shape_Leng": 121.919729, "Shape_Area": 929.026264 }, "geometry": { "type": "Polygon", "coordinates": [ [ [ -111.589672, 40.585755 ], [ -111.589386, 40.585921 ], [ -111.589167, 40.585703 ], [ -111.589453, 40.585536 ], [ -111.589672, 40.585755 ] ] ] } }
,
{ "type": "Feature", "properties": { "Shape_Leng": 121.920188, "Shape_Area": 929.033264 }, "geometry": { "type": "Polygon", "coordinates": [ [ [ -111.589453, 40.585536 ], [ -111.589167, 40.585703 ], [ -111.588948, 40.585485 ], [ -111.589234, 40.585318 ], [ -111.589453, 40.585536 ] ] ] } }
,
{ "type": "Feature", "properties": { "Shape_Leng": 121.919608, "Shape_Area": 929.024427 }, "geometry": { "type": "Polygon", "coordinates": [ [ [ -111.589234, 40.585318 ], [ -111.588948, 40.585485 ], [ -111.588729, 40.585267 ], [ -111.589015, 40.585100 ], [ -111.589234, 40.585318 ] ] ] } }
,
{ "type": "Feature", "properties": { "Shape_Leng": 121.919748, "Shape_Area": 929.026562 }, "geometry": { "type": "Polygon", "coordinates": [ [ [ -111.589015, 40.585100 ], [ -111.588729, 40.585267 ], [ -111.588511, 40.585049 ], [ -111.588797, 40.584882 ], [ -111.589015, 40.585100 ] ] ] } }
,
{ "type": "Feature", "properties": { "Shape_Leng": 121.919869, "Shape_Area": 929.028398 }, "geometry": { "type": "Polygon", "coordinates": [ [ [ -111.588797, 40.584882 ], [ -111.588511, 40.585049 ], [ -111.588292, 40.584831 ], [ -111.588578, 40.584664 ], [ -111.588797, 40.584882 ] ] ] } }
,
{ "type": "Feature", "properties": { "Shape_Leng": 121.919768, "Shape_Area": 929.026860 }, "geometry": { "type": "Polygon", "coordinates": [ [ [ -111.588578, 40.584664 ], [ -111.588292, 40.584831 ], [ -111.588073, 40.584613 ], [ -111.588359, 40.584446 ], [ -111.588578, 40.584664 ] ] ] } }
,
{ "type": "Feature", "properties": { "Shape_Leng": 121.920028, "Shape_Area": 929.030831 }, "geometry": { "type": "Polygon", "coordinates": [ [ [ -111.590262, 40.586794 ], [ -111.589976, 40.586960 ], [ -111.589757, 40.586742 ], [ -111.590043, 40.586576 ], [ -111.590262, 40.586794 ] ] ] } }
,
{ "type": "Feature", "properties": { "Shape_Leng": 121.920149, "Shape_Area": 929.032667 }, "geometry": { "type": "Polygon", "coordinates": [ [ [ -111.590043, 40.586576 ], [ -111.589757, 40.586742 ], [ -111.589538, 40.586524 ], [ -111.589824, 40.586357 ], [ -111.590043, 40.586576 ] ] ] } }
,
{ "type": "Feature", "properties": { "Shape_Leng": 121.919729, "Shape_Area": 929.026264 }, "geometry": { "type": "Polygon", "coordinates": [ [ [ -111.589824, 40.586357 ], [ -111.589538, 40.586524 ], [ -111.589319, 40.586306 ], [ -111.589605, 40.586139 ], [ -111.589824, 40.586357 ] ] ] } }
,
{ "type": "Feature", "properties": { "Shape_Leng": 121.920289, "Shape_Area": 929.034802 }, "geometry": { "type": "Polygon", "coordinates": [ [ [ -111.589605, 40.586139 ], [ -111.589319, 40.586306 ], [ -111.589100, 40.586088 ], [ -111.589386, 40.585921 ], [ -111.589605, 40.586139 ] ] ] } }
,
{ "type": "Feature", "properties": { "Shape_Leng": 121.919908, "Shape_Area": 929.028995 }, "geometry": { "type": "Polygon", "coordinates": [ [ [ -111.589386, 40.585921 ], [ -111.589100, 40.586088 ], [ -111.588881, 40.585870 ], [ -111.589167, 40.585703 ], [ -111.589386, 40.585921 ] ] ] } }
,
{ "type": "Feature", "properties": { "Shape_Leng": 121.919927, "Shape_Area": 929.029293 }, "geometry": { "type": "Polygon", "coordinates": [ [ [ -111.589167, 40.585703 ], [ -111.588881, 40.585870 ], [ -111.588662, 40.585652 ], [ -111.588948, 40.585485 ], [ -111.589167, 40.585703 ] ] ] } }
,
{ "type": "Feature", "properties": { "Shape_Leng": 121.920168, "Shape_Area": 929.032966 }, "geometry": { "type": "Polygon", "coordinates": [ [ [ -111.588948, 40.585485 ], [ -111.588662, 40.585652 ], [ -111.588443, 40.585434 ], [ -111.588729, 40.585267 ], [ -111.588948, 40.585485 ] ] ] } }
,
{ "type": "Feature", "properties": { "Shape_Leng": 121.920269, "Shape_Area": 929.034503 }, "geometry": { "type": "Polygon", "coordinates": [ [ [ -111.588729, 40.585267 ], [ -111.588443, 40.585434 ], [ -111.588225, 40.585216 ], [ -111.588511, 40.585049 ], [ -111.588729, 40.585267 ] ] ] } }
,
{ "type": "Feature", "properties": { "Shape_Leng": 121.920429, "Shape_Area": 929.036936 }, "geometry": { "type": "Polygon", "coordinates": [ [ [ -111.588511, 40.585049 ], [ -111.588225, 40.585216 ], [ -111.588006, 40.584998 ], [ -111.588292, 40.584831 ], [ -111.588511, 40.585049 ] ] ] } }
,
{ "type": "Feature", "properties": { "Shape_Leng": 121.919768, "Shape_Area": 929.026860 }, "geometry": { "type": "Polygon", "coordinates": [ [ [ -111.588292, 40.584831 ], [ -111.588006, 40.584998 ], [ -111.587787, 40.584780 ], [ -111.588073, 40.584613 ], [ -111.588292, 40.584831 ] ] ] } }
,
{ "type": "Feature", "properties": { "Shape_Leng": 121.920149, "Shape_Area": 929.032667 }, "geometry": { "type": "Polygon", "coordinates": [ [ [ -111.589976, 40.586960 ], [ -111.589690, 40.587127 ], [ -111.589471, 40.586909 ], [ -111.589757, 40.586742 ], [ -111.589976, 40.586960 ] ] ] } }
,
{ "type": "Feature", "properties": { "Shape_Leng": 121.920168, "Shape_Area": 929.032965 }, "geometry": { "type": "Polygon", "coordinates": [ [ [ -111.589757, 40.586742 ], [ -111.589471, 40.586909 ], [ -111.589252, 40.586691 ], [ -111.589538, 40.586524 ], [ -111.589757, 40.586742 ] ] ] } }
,
{ "type": "Feature", "properties": { "Shape_Leng": 121.920067, "Shape_Area": 929.031428 }, "geometry": { "type": "Polygon", "coordinates": [ [ [ -111.589538, 40.586524 ], [ -111.589252, 40.586691 ], [ -111.589033, 40.586473 ], [ -111.589319, 40.586306 ], [ -111.589538, 40.586524 ] ] ] } }
,
{ "type": "Feature", "properties": { "Shape_Leng": 121.919768, "Shape_Area": 929.026860 }, "geometry": { "type": "Polygon", "coordinates": [ [ [ -111.589319, 40.586306 ], [ -111.589033, 40.586473 ], [ -111.588814, 40.586255 ], [ -111.589100, 40.586088 ], [ -111.589319, 40.586306 ] ] ] } }
,
{ "type": "Feature", "properties": { "Shape_Leng": 121.920129, "Shape_Area": 929.032369 }, "geometry": { "type": "Polygon", "coordinates": [ [ [ -111.589100, 40.586088 ], [ -111.588814, 40.586255 ], [ -111.588595, 40.586037 ], [ -111.588881, 40.585870 ], [ -111.589100, 40.586088 ] ] ] } }
,
{ "type": "Feature", "properties": { "Shape_Leng": 121.920129, "Shape_Area": 929.032369 }, "geometry": { "type": "Polygon", "coordinates": [ [ [ -111.588881, 40.585870 ], [ -111.588595, 40.586037 ], [ -111.588376, 40.585819 ], [ -111.588662, 40.585652 ], [ -111.588881, 40.585870 ] ] ] } }
,
{ "type": "Feature", "properties": { "Shape_Leng": 121.919927, "Shape_Area": 929.029293 }, "geometry": { "type": "Polygon", "coordinates": [ [ [ -111.588662, 40.585652 ], [ -111.588376, 40.585819 ], [ -111.588157, 40.585601 ], [ -111.588443, 40.585434 ], [ -111.588662, 40.585652 ] ] ] } }
,
{ "type": "Feature", "properties": { "Shape_Leng": 121.919748, "Shape_Area": 929.026562 }, "geometry": { "type": "Polygon", "coordinates": [ [ [ -111.588443, 40.585434 ], [ -111.588157, 40.585601 ], [ -111.587939, 40.585383 ], [ -111.588225, 40.585216 ], [ -111.588443, 40.585434 ] ] ] } }
,
{ "type": "Feature", "properties": { "Shape_Leng": 121.920009, "Shape_Area": 929.030533 }, "geometry": { "type": "Polygon", "coordinates": [ [ [ -111.588225, 40.585216 ], [ -111.587939, 40.585383 ], [ -111.587720, 40.585165 ], [ -111.588006, 40.584998 ], [ -111.588225, 40.585216 ] ] ] } }
,
{ "type": "Feature", "properties": { "Shape_Leng": 121.919589, "Shape_Area": 929.024129 }, "geometry": { "type": "Polygon", "coordinates": [ [ [ -111.588006, 40.584998 ], [ -111.587720, 40.585165 ], [ -111.587501, 40.584947 ], [ -111.587787, 40.584780 ], [ -111.588006, 40.584998 ] ] ] } }
,
{ "type": "Feature", "properties": { "Shape_Leng": 121.920348, "Shape_Area": 929.035697 }, "geometry": { "type": "Polygon", "coordinates": [ [ [ -111.589690, 40.587127 ], [ -111.589404, 40.587294 ], [ -111.589185, 40.587076 ], [ -111.589471, 40.586909 ], [ -111.589690, 40.587127 ] ] ] } }
,
{ "type": "Feature", "properties": { "Shape_Leng": 121.919869, "Shape_Area": 929.028398 }, "geometry": { "type": "Polygon", "coordinates": [ [ [ -111.589471, 40.586909 ], [ -111.589185, 40.587076 ], [ -111.588966, 40.586858 ], [ -111.589252, 40.586691 ], [ -111.589471, 40.586909 ] ] ] } }
,
{ "type": "Feature", "properties": { "Shape_Leng": 121.920009, "Shape_Area": 929.030533 }, "geometry": { "type": "Polygon", "coordinates": [ [ [ -111.589252, 40.586691 ], [ -111.588966, 40.586858 ], [ -111.588747, 40.586640 ], [ -111.589033, 40.586473 ], [ -111.589252, 40.586691 ] ] ] } }
,
{ "type": "Feature", "properties": { "Shape_Leng": 121.919729, "Shape_Area": 929.026264 }, "geometry": { "type": "Polygon", "coordinates": [ [ [ -111.589033, 40.586473 ], [ -111.588747, 40.586640 ], [ -111.588528, 40.586422 ], [ -111.588814, 40.586255 ], [ -111.589033, 40.586473 ] ] ] } }
,
{ "type": "Feature", "properties": { "Shape_Leng": 121.919807, "Shape_Area": 929.027457 }, "geometry": { "type": "Polygon", "coordinates": [ [ [ -111.588814, 40.586255 ], [ -111.588528, 40.586422 ], [ -111.588309, 40.586204 ], [ -111.588595, 40.586037 ], [ -111.588814, 40.586255 ] ] ] } }
,
{ "type": "Feature", "properties": { "Shape_Leng": 121.920168, "Shape_Area": 929.032965 }, "geometry": { "type": "Polygon", "coordinates": [ [ [ -111.588595, 40.586037 ], [ -111.588309, 40.586204 ], [ -111.588090, 40.585986 ], [ -111.588376, 40.585819 ], [ -111.588595, 40.586037 ] ] ] } }
,
{ "type": "Feature", "properties": { "Shape_Leng": 121.920149, "Shape_Area": 929.032667 }, "geometry": { "type": "Polygon", "coordinates": [ [ [ -111.588376, 40.585819 ], [ -111.588090, 40.585986 ], [ -111.587871, 40.585768 ], [ -111.588157, 40.585601 ], [ -111.588376, 40.585819 ] ] ] } }
,
{ "type": "Feature", "properties": { "Shape_Leng": 121.920028, "Shape_Area": 929.030831 }, "geometry": { "type": "Polygon", "coordinates": [ [ [ -111.588157, 40.585601 ], [ -111.587871, 40.585768 ], [ -111.587653, 40.585550 ], [ -111.587939, 40.585383 ], [ -111.588157, 40.585601 ] ] ] } }
,
{ "type": "Feature", "properties": { "Shape_Leng": 121.920208, "Shape_Area": 929.033562 }, "geometry": { "type": "Polygon", "coordinates": [ [ [ -111.587939, 40.585383 ], [ -111.587653, 40.585550 ], [ -111.587434, 40.585332 ], [ -111.587720, 40.585165 ], [ -111.587939, 40.585383 ] ] ] } }
,
{ "type": "Feature", "properties": { "Shape_Leng": 121.920048, "Shape_Area": 929.031129 }, "geometry": { "type": "Polygon", "coordinates": [ [ [ -111.587720, 40.585165 ], [ -111.587434, 40.585332 ], [ -111.587215, 40.585114 ], [ -111.587501, 40.584947 ], [ -111.587720, 40.585165 ] ] ] } }
,
{ "type": "Feature", "properties": { "Shape_Leng": 121.919729, "Shape_Area": 929.026264 }, "geometry": { "type": "Polygon", "coordinates": [ [ [ -111.588528, 40.586422 ], [ -111.588242, 40.586589 ], [ -111.588023, 40.586371 ], [ -111.588309, 40.586204 ], [ -111.588528, 40.586422 ] ] ] } }
,
{ "type": "Feature", "properties": { "Shape_Leng": 121.920149, "Shape_Area": 929.032667 }, "geometry": { "type": "Polygon", "coordinates": [ [ [ -111.588309, 40.586204 ], [ -111.588023, 40.586371 ], [ -111.587804, 40.586153 ], [ -111.588090, 40.585986 ], [ -111.588309, 40.586204 ] ] ] } }
,
{ "type": "Feature", "properties": { "Shape_Leng": 121.919888, "Shape_Area": 929.028697 }, "geometry": { "type": "Polygon", "coordinates": [ [ [ -111.588090, 40.585986 ], [ -111.587804, 40.586153 ], [ -111.587585, 40.585935 ], [ -111.587871, 40.585768 ], [ -111.588090, 40.585986 ] ] ] } }
,
{ "type": "Feature", "properties": { "Shape_Leng": 121.919748, "Shape_Area": 929.026562 }, "geometry": { "type": "Polygon", "coordinates": [ [ [ -111.587871, 40.585768 ], [ -111.587585, 40.585935 ], [ -111.587366, 40.585717 ], [ -111.587653, 40.585550 ], [ -111.587871, 40.585768 ] ] ] } }
,
{ "type": "Feature", "properties": { "Shape_Leng": 121.920129, "Shape_Area": 929.032369 }, "geometry": { "type": "Polygon", "coordinates": [ [ [ -111.587653, 40.585550 ], [ -111.587366, 40.585717 ], [ -111.587148, 40.585499 ], [ -111.587434, 40.585332 ], [ -111.587653, 40.585550 ] ] ] } }
,
{ "type": "Feature", "properties": { "Shape_Leng": 121.920009, "Shape_Area": 929.030533 }, "geometry": { "type": "Polygon", "coordinates": [ [ [ -111.587434, 40.585332 ], [ -111.587148, 40.585499 ], [ -111.586929, 40.585280 ], [ -111.587215, 40.585114 ], [ -111.587434, 40.585332 ] ] ] } }
,
{ "type": "Feature", "properties": { "Shape_Leng": 121.919647, "Shape_Area": 929.025024 }, "geometry": { "type": "Polygon", "coordinates": [ [ [ -111.588242, 40.586589 ], [ -111.587956, 40.586756 ], [ -111.587737, 40.586538 ], [ -111.588023, 40.586371 ], [ -111.588242, 40.586589 ] ] ] } }
,
{ "type": "Feature", "properties": { "Shape_Leng": 121.919908, "Shape_Area": 929.028995 }, "geometry": { "type": "Polygon", "coordinates": [ [ [ -111.588023, 40.586371 ], [ -111.587737, 40.586538 ], [ -111.587518, 40.586320 ], [ -111.587804, 40.586153 ], [ -111.588023, 40.586371 ] ] ] } }
,
{ "type": "Feature", "properties": { "Shape_Leng": 121.920149, "Shape_Area": 929.032667 }, "geometry": { "type": "Polygon", "coordinates": [ [ [ -111.587804, 40.586153 ], [ -111.587518, 40.586320 ], [ -111.587299, 40.586102 ], [ -111.587585, 40.585935 ], [ -111.587804, 40.586153 ] ] ] } }
,
{ "type": "Feature", "properties": { "Shape_Leng": 121.919869, "Shape_Area": 929.028398 }, "geometry": { "type": "Polygon", "coordinates": [ [ [ -111.587585, 40.585935 ], [ -111.587299, 40.586102 ], [ -111.587080, 40.585883 ], [ -111.587366, 40.585717 ], [ -111.587585, 40.585935 ] ] ] } }
,
{ "type": "Feature", "properties": { "Shape_Leng": 121.919908, "Shape_Area": 929.028995 }, "geometry": { "type": "Polygon", "coordinates": [ [ [ -111.587366, 40.585717 ], [ -111.587080, 40.585883 ], [ -111.586862, 40.585665 ], [ -111.587148, 40.585499 ], [ -111.587366, 40.585717 ] ] ] } }
,
{ "type": "Feature", "properties": { "Shape_Leng": 121.919608, "Shape_Area": 929.024428 }, "geometry": { "type": "Polygon", "coordinates": [ [ [ -111.587148, 40.585499 ], [ -111.586862, 40.585665 ], [ -111.586643, 40.585447 ], [ -111.586929, 40.585280 ], [ -111.587148, 40.585499 ] ] ] } }
,
{ "type": "Feature", "properties": { "Shape_Leng": 121.920048, "Shape_Area": 929.031129 }, "geometry": { "type": "Polygon", "coordinates": [ [ [ -111.587956, 40.586756 ], [ -111.587670, 40.586923 ], [ -111.587451, 40.586705 ], [ -111.587737, 40.586538 ], [ -111.587956, 40.586756 ] ] ] } }
,
{ "type": "Feature", "properties": { "Shape_Leng": 121.919849, "Shape_Area": 929.028100 }, "geometry": { "type": "Polygon", "coordinates": [ [ [ -111.587737, 40.586538 ], [ -111.587451, 40.586705 ], [ -111.587232, 40.586486 ], [ -111.587518, 40.586320 ], [ -111.587737, 40.586538 ] ] ] } }
,
{ "type": "Feature", "properties": { "Shape_Leng": 121.920308, "Shape_Area": 929.035100 }, "geometry": { "type": "Polygon", "coordinates": [ [ [ -111.587518, 40.586320 ], [ -111.587232, 40.586486 ], [ -111.587013, 40.586268 ], [ -111.587299, 40.586102 ], [ -111.587518, 40.586320 ] ] ] } }
,
{ "type": "Feature", "properties": { "Shape_Leng": 121.920168, "Shape_Area": 929.032965 }, "geometry": { "type": "Polygon", "coordinates": [ [ [ -111.587299, 40.586102 ], [ -111.587013, 40.586268 ], [ -111.586794, 40.586050 ], [ -111.587080, 40.585883 ], [ -111.587299, 40.586102 ] ] ] } }
,
{ "type": "Feature", "properties": { "Shape_Leng": 121.919927, "Shape_Area": 929.029293 }, "geometry": { "type": "Polygon", "coordinates": [ [ [ -111.587080, 40.585883 ], [ -111.586794, 40.586050 ], [ -111.586576, 40.585832 ], [ -111.586862, 40.585665 ], [ -111.587080, 40.585883 ] ] ] } }
,
{ "type": "Feature", "properties": { "Shape_Leng": 121.919589, "Shape_Area": 929.024129 }, "geometry": { "type": "Polygon", "coordinates": [ [ [ -111.586862, 40.585665 ], [ -111.586576, 40.585832 ], [ -111.586357, 40.585614 ], [ -111.586643, 40.585447 ], [ -111.586862, 40.585665 ] ] ] } }
,
{ "type": "Feature", "properties": { "Shape_Leng": 121.919888, "Shape_Area": 929.028697 }, "geometry": { "type": "Polygon", "coordinates": [ [ [ -111.587670, 40.586923 ], [ -111.587384, 40.587089 ], [ -111.587165, 40.586871 ], [ -111.587451, 40.586705 ], [ -111.587670, 40.586923 ] ] ] } }
,
{ "type": "Feature", "properties": { "Shape_Leng": 121.920028, "Shape_Area": 929.030831 }, "geometry": { "type": "Polygon", "coordinates": [ [ [ -111.587451, 40.586705 ], [ -111.587165, 40.586871 ], [ -111.586946, 40.586653 ], [ -111.587232, 40.586486 ], [ -111.587451, 40.586705 ] ] ] } }
,
{ "type": "Feature", "properties": { "Shape_Leng": 121.919787, "Shape_Area": 929.027159 }, "geometry": { "type": "Polygon", "coordinates": [ [ [ -111.587232, 40.586486 ], [ -111.586946, 40.586653 ], [ -111.586727, 40.586435 ], [ -111.587013, 40.586268 ], [ -111.587232, 40.586486 ] ] ] } }
,
{ "type": "Feature", "properties": { "Shape_Leng": 121.919589, "Shape_Area": 929.024129 }, "geometry": { "type": "Polygon", "coordinates": [ [ [ -111.587013, 40.586268 ], [ -111.586727, 40.586435 ], [ -111.586508, 40.586217 ], [ -111.586794, 40.586050 ], [ -111.587013, 40.586268 ] ] ] } }
,
{ "type": "Feature", "properties": { "Shape_Leng": 121.919869, "Shape_Area": 929.028398 }, "geometry": { "type": "Polygon", "coordinates": [ [ [ -111.586794, 40.586050 ], [ -111.586508, 40.586217 ], [ -111.586290, 40.585999 ], [ -111.586576, 40.585832 ], [ -111.586794, 40.586050 ] ] ] } }
,
{ "type": "Feature", "properties": { "Shape_Leng": 121.920149, "Shape_Area": 929.032667 }, "geometry": { "type": "Polygon", "coordinates": [ [ [ -111.587384, 40.587089 ], [ -111.587098, 40.587256 ], [ -111.586879, 40.587038 ], [ -111.587165, 40.586871 ], [ -111.587384, 40.587089 ] ] ] } }
,
{ "type": "Feature", "properties": { "Shape_Leng": 121.920048, "Shape_Area": 929.031129 }, "geometry": { "type": "Polygon", "coordinates": [ [ [ -111.587165, 40.586871 ], [ -111.586879, 40.587038 ], [ -111.586660, 40.586820 ], [ -111.586946, 40.586653 ], [ -111.587165, 40.586871 ] ] ] } }
,
{ "type": "Feature", "properties": { "Shape_Leng": 121.919888, "Shape_Area": 929.028697 }, "geometry": { "type": "Polygon", "coordinates": [ [ [ -111.586946, 40.586653 ], [ -111.586660, 40.586820 ], [ -111.586441, 40.586602 ], [ -111.586727, 40.586435 ], [ -111.586946, 40.586653 ] ] ] } }
,
{ "type": "Feature", "properties": { "Shape_Leng": 121.920028, "Shape_Area": 929.030831 }, "geometry": { "type": "Polygon", "coordinates": [ [ [ -111.586727, 40.586435 ], [ -111.586441, 40.586602 ], [ -111.586222, 40.586384 ], [ -111.586508, 40.586217 ], [ -111.586727, 40.586435 ] ] ] } }
,
{ "type": "Feature", "properties": { "Shape_Leng": 121.920149, "Shape_Area": 929.032667 }, "geometry": { "type": "Polygon", "coordinates": [ [ [ -111.586508, 40.586217 ], [ -111.586222, 40.586384 ], [ -111.586003, 40.586166 ], [ -111.586290, 40.585999 ], [ -111.586508, 40.586217 ] ] ] } }
,
{ "type": "Feature", "properties": { "Shape_Leng": 121.919748, "Shape_Area": 929.026562 }, "geometry": { "type": "Polygon", "coordinates": [ [ [ -111.587098, 40.587256 ], [ -111.586812, 40.587423 ], [ -111.586593, 40.587205 ], [ -111.586879, 40.587038 ], [ -111.587098, 40.587256 ] ] ] } }
,
{ "type": "Feature", "properties": { "Shape_Leng": 121.920168, "Shape_Area": 929.032965 }, "geometry": { "type": "Polygon", "coordinates": [ [ [ -111.586879, 40.587038 ], [ -111.586593, 40.587205 ], [ -111.586374, 40.586987 ], [ -111.586660, 40.586820 ], [ -111.586879, 40.587038 ] ] ] } }
,
{ "type": "Feature", "properties": { "Shape_Leng": 121.920308, "Shape_Area": 929.035100 }, "geometry": { "type": "Polygon", "coordinates": [ [ [ -111.586660, 40.586820 ], [ -111.586374, 40.586987 ], [ -111.586155, 40.586769 ], [ -111.586441, 40.586602 ], [ -111.586660, 40.586820 ] ] ] } }
,
{ "type": "Feature", "properties": { "Shape_Leng": 121.920028, "Shape_Area": 929.030831 }, "geometry": { "type": "Polygon", "coordinates": [ [ [ -111.586441, 40.586602 ], [ -111.586155, 40.586769 ], [ -111.585936, 40.586551 ], [ -111.586222, 40.586384 ], [ -111.586441, 40.586602 ] ] ] } }
,
{ "type": "Feature", "properties": { "Shape_Leng": 121.920149, "Shape_Area": 929.032667 }, "geometry": { "type": "Polygon", "coordinates": [ [ [ -111.586222, 40.586384 ], [ -111.585936, 40.586551 ], [ -111.585717, 40.586333 ], [ -111.586003, 40.586166 ], [ -111.586222, 40.586384 ] ] ] } }
,
{ "type": "Feature", "properties": { "Shape_Leng": 121.920129, "Shape_Area": 929.032369 }, "geometry": { "type": "Polygon", "coordinates": [ [ [ -111.587031, 40.587641 ], [ -111.586745, 40.587808 ], [ -111.586526, 40.587590 ], [ -111.586812, 40.587423 ], [ -111.587031, 40.587641 ] ] ] } }
,
{ "type": "Feature", "properties": { "Shape_Leng": 121.919647, "Shape_Area": 929.025024 }, "geometry": { "type": "Polygon", "coordinates": [ [ [ -111.586812, 40.587423 ], [ -111.586526, 40.587590 ], [ -111.586307, 40.587372 ], [ -111.586593, 40.587205 ], [ -111.586812, 40.587423 ] ] ] } }
,
{ "type": "Feature", "properties": { "Shape_Leng": 121.919970, "Shape_Area": 929.029936 }, "geometry": { "type": "Polygon", "coordinates": [ [ [ -111.586593, 40.587205 ], [ -111.586307, 40.587372 ], [ -111.586088, 40.587154 ], [ -111.586374, 40.586987 ], [ -111.586593, 40.587205 ] ] ] } }
,
{ "type": "Feature", "properties": { "Shape_Leng": 121.919888, "Shape_Area": 929.028696 }, "geometry": { "type": "Polygon", "coordinates": [ [ [ -111.586374, 40.586987 ], [ -111.586088, 40.587154 ], [ -111.585869, 40.586936 ], [ -111.586155, 40.586769 ], [ -111.586374, 40.586987 ] ] ] } }
,
{ "type": "Feature", "properties": { "Shape_Leng": 121.920048, "Shape_Area": 929.031129 }, "geometry": { "type": "Polygon", "coordinates": [ [ [ -111.586155, 40.586769 ], [ -111.585869, 40.586936 ], [ -111.585650, 40.586718 ], [ -111.585936, 40.586551 ], [ -111.586155, 40.586769 ] ] ] } }
,
{ "type": "Feature", "properties": { "Shape_Leng": 121.919647, "Shape_Area": 929.025024 }, "geometry": { "type": "Polygon", "coordinates": [ [ [ -111.585936, 40.586551 ], [ -111.585650, 40.586718 ], [ -111.585431, 40.586500 ], [ -111.585717, 40.586333 ], [ -111.585936, 40.586551 ] ] ] } }
,
{ "type": "Feature", "properties": { "Shape_Leng": 121.919888, "Shape_Area": 929.028697 }, "geometry": { "type": "Polygon", "coordinates": [ [ [ -111.586964, 40.588026 ], [ -111.586677, 40.588193 ], [ -111.586459, 40.587975 ], [ -111.586745, 40.587808 ], [ -111.586964, 40.588026 ] ] ] } }
,
{ "type": "Feature", "properties": { "Shape_Leng": 121.920129, "Shape_Area": 929.032369 }, "geometry": { "type": "Polygon", "coordinates": [ [ [ -111.586745, 40.587808 ], [ -111.586459, 40.587975 ], [ -111.586240, 40.587757 ], [ -111.586526, 40.587590 ], [ -111.586745, 40.587808 ] ] ] } }
,
{ "type": "Feature", "properties": { "Shape_Leng": 121.919908, "Shape_Area": 929.028995 }, "geometry": { "type": "Polygon", "coordinates": [ [ [ -111.586526, 40.587590 ], [ -111.586240, 40.587757 ], [ -111.586021, 40.587539 ], [ -111.586307, 40.587372 ], [ -111.586526, 40.587590 ] ] ] } }
,
{ "type": "Feature", "properties": { "Shape_Leng": 121.920429, "Shape_Area": 929.036936 }, "geometry": { "type": "Polygon", "coordinates": [ [ [ -111.586307, 40.587372 ], [ -111.586021, 40.587539 ], [ -111.585802, 40.587321 ], [ -111.586088, 40.587154 ], [ -111.586307, 40.587372 ] ] ] } }
,
{ "type": "Feature", "properties": { "Shape_Leng": 121.920028, "Shape_Area": 929.030831 }, "geometry": { "type": "Polygon", "coordinates": [ [ [ -111.586088, 40.587154 ], [ -111.585802, 40.587321 ], [ -111.585583, 40.587103 ], [ -111.585869, 40.586936 ], [ -111.586088, 40.587154 ] ] ] } }
,
{ "type": "Feature", "properties": { "Shape_Leng": 121.920048, "Shape_Area": 929.031129 }, "geometry": { "type": "Polygon", "coordinates": [ [ [ -111.585869, 40.586936 ], [ -111.585583, 40.587103 ], [ -111.585364, 40.586885 ], [ -111.585650, 40.586718 ], [ -111.585869, 40.586936 ] ] ] } }
,
{ "type": "Feature", "properties": { "Shape_Leng": 121.919989, "Shape_Area": 929.030234 }, "geometry": { "type": "Polygon", "coordinates": [ [ [ -111.585650, 40.586718 ], [ -111.585364, 40.586885 ], [ -111.585145, 40.586667 ], [ -111.585431, 40.586500 ], [ -111.585650, 40.586718 ] ] ] } }
,
{ "type": "Feature", "properties": { "Shape_Leng": 121.920048, "Shape_Area": 929.031129 }, "geometry": { "type": "Polygon", "coordinates": [ [ [ -111.586896, 40.588411 ], [ -111.586610, 40.588578 ], [ -111.586391, 40.588360 ], [ -111.586677, 40.588193 ], [ -111.586896, 40.588411 ] ] ] } }
,
{ "type": "Feature", "properties": { "Shape_Leng": 121.920048, "Shape_Area": 929.031129 }, "geometry": { "type": "Polygon", "coordinates": [ [ [ -111.586677, 40.588193 ], [ -111.586391, 40.588360 ], [ -111.586173, 40.588142 ], [ -111.586459, 40.587975 ], [ -111.586677, 40.588193 ] ] ] } }
,
{ "type": "Feature", "properties": { "Shape_Leng": 121.920028, "Shape_Area": 929.030831 }, "geometry": { "type": "Polygon", "coordinates": [ [ [ -111.586459, 40.587975 ], [ -111.586173, 40.588142 ], [ -111.585954, 40.587924 ], [ -111.586240, 40.587757 ], [ -111.586459, 40.587975 ] ] ] } }
,
{ "type": "Feature", "properties": { "Shape_Leng": 121.920009, "Shape_Area": 929.030533 }, "geometry": { "type": "Polygon", "coordinates": [ [ [ -111.586240, 40.587757 ], [ -111.585954, 40.587924 ], [ -111.585735, 40.587706 ], [ -111.586021, 40.587539 ], [ -111.586240, 40.587757 ] ] ] } }
,
{ "type": "Feature", "properties": { "Shape_Leng": 121.919667, "Shape_Area": 929.025323 }, "geometry": { "type": "Polygon", "coordinates": [ [ [ -111.586021, 40.587539 ], [ -111.585735, 40.587706 ], [ -111.585516, 40.587488 ], [ -111.585802, 40.587321 ], [ -111.586021, 40.587539 ] ] ] } }
,
{ "type": "Feature", "properties": { "Shape_Leng": 121.919849, "Shape_Area": 929.028100 }, "geometry": { "type": "Polygon", "coordinates": [ [ [ -111.585802, 40.587321 ], [ -111.585516, 40.587488 ], [ -111.585297, 40.587270 ], [ -111.585583, 40.587103 ], [ -111.585802, 40.587321 ] ] ] } }
,
{ "type": "Feature", "properties": { "Shape_Leng": 121.920048, "Shape_Area": 929.031129 }, "geometry": { "type": "Polygon", "coordinates": [ [ [ -111.585583, 40.587103 ], [ -111.585297, 40.587270 ], [ -111.585078, 40.587052 ], [ -111.585364, 40.586885 ], [ -111.585583, 40.587103 ] ] ] } }
,
{ "type": "Feature", "properties": { "Shape_Leng": 121.920149, "Shape_Area": 929.032667 }, "geometry": { "type": "Polygon", "coordinates": [ [ [ -111.585364, 40.586885 ], [ -111.585078, 40.587052 ], [ -111.584859, 40.586833 ], [ -111.585145, 40.586667 ], [ -111.585364, 40.586885 ] ] ] } }
,
{ "type": "Feature", "properties": { "Shape_Leng": 121.920129, "Shape_Area": 929.032369 }, "geometry": { "type": "Polygon", "coordinates": [ [ [ -111.586829, 40.588796 ], [ -111.586543, 40.588963 ], [ -111.586324, 40.588745 ], [ -111.586610, 40.588578 ], [ -111.586829, 40.588796 ] ] ] } }
,
{ "type": "Feature", "properties": { "Shape_Leng": 121.920009, "Shape_Area": 929.030533 }, "geometry": { "type": "Polygon", "coordinates": [ [ [ -111.586610, 40.588578 ], [ -111.586324, 40.588745 ], [ -111.586105, 40.588527 ], [ -111.586391, 40.588360 ], [ -111.586610, 40.588578 ] ] ] } }
,
{ "type": "Feature", "properties": { "Shape_Leng": 121.920048, "Shape_Area": 929.031129 }, "geometry": { "type": "Polygon", "coordinates": [ [ [ -111.586391, 40.588360 ], [ -111.586105, 40.588527 ], [ -111.585887, 40.588309 ], [ -111.586173, 40.588142 ], [ -111.586391, 40.588360 ] ] ] } }
,
{ "type": "Feature", "properties": { "Shape_Leng": 121.919888, "Shape_Area": 929.028696 }, "geometry": { "type": "Polygon", "coordinates": [ [ [ -111.586173, 40.588142 ], [ -111.585887, 40.588309 ], [ -111.585668, 40.588091 ], [ -111.585954, 40.587924 ], [ -111.586173, 40.588142 ] ] ] } }
,
{ "type": "Feature", "properties": { "Shape_Leng": 121.920009, "Shape_Area": 929.030533 }, "geometry": { "type": "Polygon", "coordinates": [ [ [ -111.585954, 40.587924 ], [ -111.585668, 40.588091 ], [ -111.585449, 40.587873 ], [ -111.585735, 40.587706 ], [ -111.585954, 40.587924 ] ] ] } }
,
{ "type": "Feature", "properties": { "Shape_Leng": 121.919888, "Shape_Area": 929.028696 }, "geometry": { "type": "Polygon", "coordinates": [ [ [ -111.585735, 40.587706 ], [ -111.585449, 40.587873 ], [ -111.585230, 40.587654 ], [ -111.585516, 40.587488 ], [ -111.585735, 40.587706 ] ] ] } }
,
{ "type": "Feature", "properties": { "Shape_Leng": 121.920149, "Shape_Area": 929.032667 }, "geometry": { "type": "Polygon", "coordinates": [ [ [ -111.585516, 40.587488 ], [ -111.585230, 40.587654 ], [ -111.585011, 40.587436 ], [ -111.585297, 40.587270 ], [ -111.585516, 40.587488 ] ] ] } }
,
{ "type": "Feature", "properties": { "Shape_Leng": 121.919888, "Shape_Area": 929.028696 }, "geometry": { "type": "Polygon", "coordinates": [ [ [ -111.585297, 40.587270 ], [ -111.585011, 40.587436 ], [ -111.584792, 40.587218 ], [ -111.585078, 40.587052 ], [ -111.585297, 40.587270 ] ] ] } }
,
{ "type": "Feature", "properties": { "Shape_Leng": 121.920110, "Shape_Area": 929.032070 }, "geometry": { "type": "Polygon", "coordinates": [ [ [ -111.585078, 40.587052 ], [ -111.584792, 40.587218 ], [ -111.584573, 40.587000 ], [ -111.584859, 40.586833 ], [ -111.585078, 40.587052 ] ] ] } }
,
{ "type": "Feature", "properties": { "Shape_Leng": 121.919888, "Shape_Area": 929.028696 }, "geometry": { "type": "Polygon", "coordinates": [ [ [ -111.586762, 40.589181 ], [ -111.586476, 40.589348 ], [ -111.586257, 40.589130 ], [ -111.586543, 40.588963 ], [ -111.586762, 40.589181 ] ] ] } }
,
{ "type": "Feature", "properties": { "Shape_Leng": 121.920149, "Shape_Area": 929.032667 }, "geometry": { "type": "Polygon", "coordinates": [ [ [ -111.586543, 40.588963 ], [ -111.586257, 40.589130 ], [ -111.586038, 40.588912 ], [ -111.586324, 40.588745 ], [ -111.586543, 40.588963 ] ] ] } }
,
{ "type": "Feature", "properties": { "Shape_Leng": 121.920009, "Shape_Area": 929.030533 }, "geometry": { "type": "Polygon", "coordinates": [ [ [ -111.586324, 40.588745 ], [ -111.586038, 40.588912 ], [ -111.585819, 40.588694 ], [ -111.586105, 40.588527 ], [ -111.586324, 40.588745 ] ] ] } }
,
{ "type": "Feature", "properties": { "Shape_Leng": 121.919787, "Shape_Area": 929.027159 }, "geometry": { "type": "Polygon", "coordinates": [ [ [ -111.586105, 40.588527 ], [ -111.585819, 40.588694 ], [ -111.585600, 40.588476 ], [ -111.585887, 40.588309 ], [ -111.586105, 40.588527 ] ] ] } }
,
{ "type": "Feature", "properties": { "Shape_Leng": 121.920149, "Shape_Area": 929.032667 }, "geometry": { "type": "Polygon", "coordinates": [ [ [ -111.585887, 40.588309 ], [ -111.585600, 40.588476 ], [ -111.585382, 40.588257 ], [ -111.585668, 40.588091 ], [ -111.585887, 40.588309 ] ] ] } }
,
{ "type": "Feature", "properties": { "Shape_Leng": 121.920328, "Shape_Area": 929.035398 }, "geometry": { "type": "Polygon", "coordinates": [ [ [ -111.585668, 40.588091 ], [ -111.585382, 40.588257 ], [ -111.585163, 40.588039 ], [ -111.585449, 40.587873 ], [ -111.585668, 40.588091 ] ] ] } }
,
{ "type": "Feature", "properties": { "Shape_Leng": 121.919970, "Shape_Area": 929.029936 }, "geometry": { "type": "Polygon", "coordinates": [ [ [ -111.585449, 40.587873 ], [ -111.585163, 40.588039 ], [ -111.584944, 40.587821 ], [ -111.585230, 40.587654 ], [ -111.585449, 40.587873 ] ] ] } }
,
{ "type": "Feature", "properties": { "Shape_Leng": 121.920188, "Shape_Area": 929.033264 }, "geometry": { "type": "Polygon", "coordinates": [ [ [ -111.585230, 40.587654 ], [ -111.584944, 40.587821 ], [ -111.584725, 40.587603 ], [ -111.585011, 40.587436 ], [ -111.585230, 40.587654 ] ] ] } }
,
{ "type": "Feature", "properties": { "Shape_Leng": 121.920048, "Shape_Area": 929.031129 }, "geometry": { "type": "Polygon", "coordinates": [ [ [ -111.585011, 40.587436 ], [ -111.584725, 40.587603 ], [ -111.584506, 40.587385 ], [ -111.584792, 40.587218 ], [ -111.585011, 40.587436 ] ] ] } }
,
{ "type": "Feature", "properties": { "Shape_Leng": 121.920149, "Shape_Area": 929.032667 }, "geometry": { "type": "Polygon", "coordinates": [ [ [ -111.586695, 40.589566 ], [ -111.586409, 40.589733 ], [ -111.586190, 40.589515 ], [ -111.586476, 40.589348 ], [ -111.586695, 40.589566 ] ] ] } }
,
{ "type": "Feature", "properties": { "Shape_Leng": 121.919748, "Shape_Area": 929.026562 }, "geometry": { "type": "Polygon", "coordinates": [ [ [ -111.586476, 40.589348 ], [ -111.586190, 40.589515 ], [ -111.585971, 40.589297 ], [ -111.586257, 40.589130 ], [ -111.586476, 40.589348 ] ] ] } }
,
{ "type": "Feature", "properties": { "Shape_Leng": 121.919647, "Shape_Area": 929.025024 }, "geometry": { "type": "Polygon", "coordinates": [ [ [ -111.586257, 40.589130 ], [ -111.585971, 40.589297 ], [ -111.585752, 40.589079 ], [ -111.586038, 40.588912 ], [ -111.586257, 40.589130 ] ] ] } }
,
{ "type": "Feature", "properties": { "Shape_Leng": 121.919849, "Shape_Area": 929.028100 }, "geometry": { "type": "Polygon", "coordinates": [ [ [ -111.586038, 40.588912 ], [ -111.585752, 40.589079 ], [ -111.585533, 40.588860 ], [ -111.585819, 40.588694 ], [ -111.586038, 40.588912 ] ] ] } }
,
{ "type": "Feature", "properties": { "Shape_Leng": 121.920048, "Shape_Area": 929.031129 }, "geometry": { "type": "Polygon", "coordinates": [ [ [ -111.585819, 40.588694 ], [ -111.585533, 40.588860 ], [ -111.585314, 40.588642 ], [ -111.585600, 40.588476 ], [ -111.585819, 40.588694 ] ] ] } }
,
{ "type": "Feature", "properties": { "Shape_Leng": 121.919869, "Shape_Area": 929.028398 }, "geometry": { "type": "Polygon", "coordinates": [ [ [ -111.585600, 40.588476 ], [ -111.585314, 40.588642 ], [ -111.585096, 40.588424 ], [ -111.585382, 40.588257 ], [ -111.585600, 40.588476 ] ] ] } }
,
{ "type": "Feature", "properties": { "Shape_Leng": 121.919908, "Shape_Area": 929.028995 }, "geometry": { "type": "Polygon", "coordinates": [ [ [ -111.585382, 40.588257 ], [ -111.585096, 40.588424 ], [ -111.584877, 40.588206 ], [ -111.585163, 40.588039 ], [ -111.585382, 40.588257 ] ] ] } }
,
{ "type": "Feature", "properties": { "Shape_Leng": 121.919849, "Shape_Area": 929.028100 }, "geometry": { "type": "Polygon", "coordinates": [ [ [ -111.585163, 40.588039 ], [ -111.584877, 40.588206 ], [ -111.584658, 40.587988 ], [ -111.584944, 40.587821 ], [ -111.585163, 40.588039 ] ] ] } }
,
{ "type": "Feature", "properties": { "Shape_Leng": 121.920028, "Shape_Area": 929.030831 }, "geometry": { "type": "Polygon", "coordinates": [ [ [ -111.584944, 40.587821 ], [ -111.584658, 40.587988 ], [ -111.584439, 40.587770 ], [ -111.584725, 40.587603 ], [ -111.584944, 40.587821 ] ] ] } }
,
{ "type": "Feature", "properties": { "Shape_Leng": 121.919787, "Shape_Area": 929.027159 }, "geometry": { "type": "Polygon", "coordinates": [ [ [ -111.584725, 40.587603 ], [ -111.584439, 40.587770 ], [ -111.584220, 40.587552 ], [ -111.584506, 40.587385 ], [ -111.584725, 40.587603 ] ] ] } }
,
{ "type": "Feature", "properties": { "Shape_Leng": 121.919989, "Shape_Area": 929.030234 }, "geometry": { "type": "Polygon", "coordinates": [ [ [ -111.584506, 40.587385 ], [ -111.584220, 40.587552 ], [ -111.584001, 40.587334 ], [ -111.584287, 40.587167 ], [ -111.584506, 40.587385 ] ] ] } }
,
{ "type": "Feature", "properties": { "Shape_Leng": 121.919869, "Shape_Area": 929.028398 }, "geometry": { "type": "Polygon", "coordinates": [ [ [ -111.583143, 40.587835 ], [ -111.582857, 40.588001 ], [ -111.582638, 40.587783 ], [ -111.582924, 40.587617 ], [ -111.583143, 40.587835 ] ] ] } }
,
{ "type": "Feature", "properties": { "Shape_Leng": 121.920028, "Shape_Area": 929.030831 }, "geometry": { "type": "Polygon", "coordinates": [ [ [ -111.586628, 40.589951 ], [ -111.586342, 40.590118 ], [ -111.586123, 40.589900 ], [ -111.586409, 40.589733 ], [ -111.586628, 40.589951 ] ] ] } }
,
{ "type": "Feature", "properties": { "Shape_Leng": 121.920009, "Shape_Area": 929.030533 }, "geometry": { "type": "Polygon", "coordinates": [ [ [ -111.586409, 40.589733 ], [ -111.586123, 40.589900 ], [ -111.585904, 40.589682 ], [ -111.586190, 40.589515 ], [ -111.586409, 40.589733 ] ] ] } }
,
{ "type": "Feature", "properties": { "Shape_Leng": 121.919908, "Shape_Area": 929.028995 }, "geometry": { "type": "Polygon", "coordinates": [ [ [ -111.586190, 40.589515 ], [ -111.585904, 40.589682 ], [ -111.585685, 40.589463 ], [ -111.585971, 40.589297 ], [ -111.586190, 40.589515 ] ] ] } }
,
{ "type": "Feature", "properties": { "Shape_Leng": 121.920028, "Shape_Area": 929.030831 }, "geometry": { "type": "Polygon", "coordinates": [ [ [ -111.585971, 40.589297 ], [ -111.585685, 40.589463 ], [ -111.585466, 40.589245 ], [ -111.585752, 40.589079 ], [ -111.585971, 40.589297 ] ] ] } }
,
{ "type": "Feature", "properties": { "Shape_Leng": 121.920009, "Shape_Area": 929.030533 }, "geometry": { "type": "Polygon", "coordinates": [ [ [ -111.585752, 40.589079 ], [ -111.585466, 40.589245 ], [ -111.585247, 40.589027 ], [ -111.585533, 40.588860 ], [ -111.585752, 40.589079 ] ] ] } }
,
{ "type": "Feature", "properties": { "Shape_Leng": 121.920009, "Shape_Area": 929.030533 }, "geometry": { "type": "Polygon", "coordinates": [ [ [ -111.585533, 40.588860 ], [ -111.585247, 40.589027 ], [ -111.585028, 40.588809 ], [ -111.585314, 40.588642 ], [ -111.585533, 40.588860 ] ] ] } }
,
{ "type": "Feature", "properties": { "Shape_Leng": 121.920168, "Shape_Area": 929.032965 }, "geometry": { "type": "Polygon", "coordinates": [ [ [ -111.585314, 40.588642 ], [ -111.585028, 40.588809 ], [ -111.584810, 40.588591 ], [ -111.585096, 40.588424 ], [ -111.585314, 40.588642 ] ] ] } }
,
{ "type": "Feature", "properties": { "Shape_Leng": 121.920289, "Shape_Area": 929.034802 }, "geometry": { "type": "Polygon", "coordinates": [ [ [ -111.585096, 40.588424 ], [ -111.584810, 40.588591 ], [ -111.584591, 40.588373 ], [ -111.584877, 40.588206 ], [ -111.585096, 40.588424 ] ] ] } }
,
{ "type": "Feature", "properties": { "Shape_Leng": 121.920048, "Shape_Area": 929.031129 }, "geometry": { "type": "Polygon", "coordinates": [ [ [ -111.584877, 40.588206 ], [ -111.584591, 40.588373 ], [ -111.584372, 40.588155 ], [ -111.584658, 40.587988 ], [ -111.584877, 40.588206 ] ] ] } }
,
{ "type": "Feature", "properties": { "Shape_Leng": 121.920149, "Shape_Area": 929.032667 }, "geometry": { "type": "Polygon", "coordinates": [ [ [ -111.584658, 40.587988 ], [ -111.584372, 40.588155 ], [ -111.584153, 40.587937 ], [ -111.584439, 40.587770 ], [ -111.584658, 40.587988 ] ] ] } }
,
{ "type": "Feature", "properties": { "Shape_Leng": 121.920048, "Shape_Area": 929.031129 }, "geometry": { "type": "Polygon", "coordinates": [ [ [ -111.584439, 40.587770 ], [ -111.584153, 40.587937 ], [ -111.583934, 40.587719 ], [ -111.584220, 40.587552 ], [ -111.584439, 40.587770 ] ] ] } }
,
{ "type": "Feature", "properties": { "Shape_Leng": 121.920429, "Shape_Area": 929.036936 }, "geometry": { "type": "Polygon", "coordinates": [ [ [ -111.584220, 40.587552 ], [ -111.583934, 40.587719 ], [ -111.583715, 40.587501 ], [ -111.584001, 40.587334 ], [ -111.584220, 40.587552 ] ] ] } }
,
{ "type": "Feature", "properties": { "Shape_Leng": 121.920028, "Shape_Area": 929.030831 }, "geometry": { "type": "Polygon", "coordinates": [ [ [ -111.584001, 40.587334 ], [ -111.583715, 40.587501 ], [ -111.583496, 40.587283 ], [ -111.583782, 40.587116 ], [ -111.584001, 40.587334 ] ] ] } }
,
{ "type": "Feature", "properties": { "Shape_Leng": 121.919647, "Shape_Area": 929.025024 }, "geometry": { "type": "Polygon", "coordinates": [ [ [ -111.586342, 40.590118 ], [ -111.586056, 40.590285 ], [ -111.585837, 40.590066 ], [ -111.586123, 40.589900 ], [ -111.586342, 40.590118 ] ] ] } }
,
{ "type": "Feature", "properties": { "Shape_Leng": 121.919849, "Shape_Area": 929.028100 }, "geometry": { "type": "Polygon", "coordinates": [ [ [ -111.586123, 40.589900 ], [ -111.585837, 40.590066 ], [ -111.585618, 40.589848 ], [ -111.585904, 40.589682 ], [ -111.586123, 40.589900 ] ] ] } }
,
{ "type": "Feature", "properties": { "Shape_Leng": 121.920168, "Shape_Area": 929.032966 }, "geometry": { "type": "Polygon", "coordinates": [ [ [ -111.585904, 40.589682 ], [ -111.585618, 40.589848 ], [ -111.585399, 40.589630 ], [ -111.585685, 40.589463 ], [ -111.585904, 40.589682 ] ] ] } }
,
{ "type": "Feature", "properties": { "Shape_Leng": 121.919869, "Shape_Area": 929.028398 }, "geometry": { "type": "Polygon", "coordinates": [ [ [ -111.585685, 40.589463 ], [ -111.585399, 40.589630 ], [ -111.585180, 40.589412 ], [ -111.585466, 40.589245 ], [ -111.585685, 40.589463 ] ] ] } }
,
{ "type": "Feature", "properties": { "Shape_Leng": 121.919927, "Shape_Area": 929.029293 }, "geometry": { "type": "Polygon", "coordinates": [ [ [ -111.585466, 40.589245 ], [ -111.585180, 40.589412 ], [ -111.584961, 40.589194 ], [ -111.585247, 40.589027 ], [ -111.585466, 40.589245 ] ] ] } }
,
{ "type": "Feature", "properties": { "Shape_Leng": 121.920028, "Shape_Area": 929.030831 }, "geometry": { "type": "Polygon", "coordinates": [ [ [ -111.585247, 40.589027 ], [ -111.584961, 40.589194 ], [ -111.584742, 40.588976 ], [ -111.585028, 40.588809 ], [ -111.585247, 40.589027 ] ] ] } }
,
{ "type": "Feature", "properties": { "Shape_Leng": 121.919768, "Shape_Area": 929.026860 }, "geometry": { "type": "Polygon", "coordinates": [ [ [ -111.585028, 40.588809 ], [ -111.584742, 40.588976 ], [ -111.584523, 40.588758 ], [ -111.584810, 40.588591 ], [ -111.585028, 40.588809 ] ] ] } }
,
{ "type": "Feature", "properties": { "Shape_Leng": 121.919787, "Shape_Area": 929.027159 }, "geometry": { "type": "Polygon", "coordinates": [ [ [ -111.584810, 40.588591 ], [ -111.584523, 40.588758 ], [ -111.584305, 40.588540 ], [ -111.584591, 40.588373 ], [ -111.584810, 40.588591 ] ] ] } }
,
{ "type": "Feature", "properties": { "Shape_Leng": 121.919729, "Shape_Area": 929.026264 }, "geometry": { "type": "Polygon", "coordinates": [ [ [ -111.584591, 40.588373 ], [ -111.584305, 40.588540 ], [ -111.584086, 40.588322 ], [ -111.584372, 40.588155 ], [ -111.584591, 40.588373 ] ] ] } }
,
{ "type": "Feature", "properties": { "Shape_Leng": 121.920009, "Shape_Area": 929.030533 }, "geometry": { "type": "Polygon", "coordinates": [ [ [ -111.584372, 40.588155 ], [ -111.584086, 40.588322 ], [ -111.583867, 40.588104 ], [ -111.584153, 40.587937 ], [ -111.584372, 40.588155 ] ] ] } }
,
{ "type": "Feature", "properties": { "Shape_Leng": 121.919888, "Shape_Area": 929.028696 }, "geometry": { "type": "Polygon", "coordinates": [ [ [ -111.584153, 40.587937 ], [ -111.583867, 40.588104 ], [ -111.583648, 40.587886 ], [ -111.583934, 40.587719 ], [ -111.584153, 40.587937 ] ] ] } }
,
{ "type": "Feature", "properties": { "Shape_Leng": 121.919927, "Shape_Area": 929.029293 }, "geometry": { "type": "Polygon", "coordinates": [ [ [ -111.583934, 40.587719 ], [ -111.583648, 40.587886 ], [ -111.583429, 40.587668 ], [ -111.583715, 40.587501 ], [ -111.583934, 40.587719 ] ] ] } }
,
{ "type": "Feature", "properties": { "Shape_Leng": 121.919729, "Shape_Area": 929.026264 }, "geometry": { "type": "Polygon", "coordinates": [ [ [ -111.583715, 40.587501 ], [ -111.583429, 40.587668 ], [ -111.583210, 40.587450 ], [ -111.583496, 40.587283 ], [ -111.583715, 40.587501 ] ] ] } }
,
{ "type": "Feature", "properties": { "Shape_Leng": 121.920208, "Shape_Area": 929.033562 }, "geometry": { "type": "Polygon", "coordinates": [ [ [ -111.583496, 40.587283 ], [ -111.583210, 40.587450 ], [ -111.582991, 40.587232 ], [ -111.583277, 40.587065 ], [ -111.583496, 40.587283 ] ] ] } }
,
{ "type": "Feature", "properties": { "Shape_Leng": 121.920087, "Shape_Area": 929.031726 }, "geometry": { "type": "Polygon", "coordinates": [ [ [ -111.586056, 40.590285 ], [ -111.585770, 40.590451 ], [ -111.585551, 40.590233 ], [ -111.585837, 40.590066 ], [ -111.586056, 40.590285 ] ] ] } }
,
{ "type": "Feature", "properties": { "Shape_Leng": 121.920149, "Shape_Area": 929.032667 }, "geometry": { "type": "Polygon", "coordinates": [ [ [ -111.585837, 40.590066 ], [ -111.585551, 40.590233 ], [ -111.585332, 40.590015 ], [ -111.585618, 40.589848 ], [ -111.585837, 40.590066 ] ] ] } }
,
{ "type": "Feature", "properties": { "Shape_Leng": 121.920009, "Shape_Area": 929.030533 }, "geometry": { "type": "Polygon", "coordinates": [ [ [ -111.585618, 40.589848 ], [ -111.585332, 40.590015 ], [ -111.585113, 40.589797 ], [ -111.585399, 40.589630 ], [ -111.585618, 40.589848 ] ] ] } }
,
{ "type": "Feature", "properties": { "Shape_Leng": 121.919869, "Shape_Area": 929.028398 }, "geometry": { "type": "Polygon", "coordinates": [ [ [ -111.585399, 40.589630 ], [ -111.585113, 40.589797 ], [ -111.584894, 40.589579 ], [ -111.585180, 40.589412 ], [ -111.585399, 40.589630 ] ] ] } }
,
{ "type": "Feature", "properties": { "Shape_Leng": 121.920308, "Shape_Area": 929.035100 }, "geometry": { "type": "Polygon", "coordinates": [ [ [ -111.585180, 40.589412 ], [ -111.584894, 40.589579 ], [ -111.584675, 40.589361 ], [ -111.584961, 40.589194 ], [ -111.585180, 40.589412 ] ] ] } }
,
{ "type": "Feature", "properties": { "Shape_Leng": 121.920048, "Shape_Area": 929.031129 }, "geometry": { "type": "Polygon", "coordinates": [ [ [ -111.584961, 40.589194 ], [ -111.584675, 40.589361 ], [ -111.584456, 40.589143 ], [ -111.584742, 40.588976 ], [ -111.584961, 40.589194 ] ] ] } }
,
{ "type": "Feature", "properties": { "Shape_Leng": 121.919970, "Shape_Area": 929.029936 }, "geometry": { "type": "Polygon", "coordinates": [ [ [ -111.584742, 40.588976 ], [ -111.584456, 40.589143 ], [ -111.584237, 40.588925 ], [ -111.584523, 40.588758 ], [ -111.584742, 40.588976 ] ] ] } }
,
{ "type": "Feature", "properties": { "Shape_Leng": 121.920168, "Shape_Area": 929.032966 }, "geometry": { "type": "Polygon", "coordinates": [ [ [ -111.584523, 40.588758 ], [ -111.584237, 40.588925 ], [ -111.584019, 40.588707 ], [ -111.584305, 40.588540 ], [ -111.584523, 40.588758 ] ] ] } }
,
{ "type": "Feature", "properties": { "Shape_Leng": 121.920149, "Shape_Area": 929.032667 }, "geometry": { "type": "Polygon", "coordinates": [ [ [ -111.584305, 40.588540 ], [ -111.584019, 40.588707 ], [ -111.583800, 40.588489 ], [ -111.584086, 40.588322 ], [ -111.584305, 40.588540 ] ] ] } }
,
{ "type": "Feature", "properties": { "Shape_Leng": 121.920168, "Shape_Area": 929.032966 }, "geometry": { "type": "Polygon", "coordinates": [ [ [ -111.584086, 40.588322 ], [ -111.583800, 40.588489 ], [ -111.583581, 40.588271 ], [ -111.583867, 40.588104 ], [ -111.584086, 40.588322 ] ] ] } }
,
{ "type": "Feature", "properties": { "Shape_Leng": 121.920028, "Shape_Area": 929.030831 }, "geometry": { "type": "Polygon", "coordinates": [ [ [ -111.583867, 40.588104 ], [ -111.583581, 40.588271 ], [ -111.583362, 40.588053 ], [ -111.583648, 40.587886 ], [ -111.583867, 40.588104 ] ] ] } }
,
{ "type": "Feature", "properties": { "Shape_Leng": 121.920048, "Shape_Area": 929.031129 }, "geometry": { "type": "Polygon", "coordinates": [ [ [ -111.583648, 40.587886 ], [ -111.583362, 40.588053 ], [ -111.583143, 40.587835 ], [ -111.583429, 40.587668 ], [ -111.583648, 40.587886 ] ] ] } }
,
{ "type": "Feature", "properties": { "Shape_Leng": 121.920009, "Shape_Area": 929.030533 }, "geometry": { "type": "Polygon", "coordinates": [ [ [ -111.583429, 40.587668 ], [ -111.583143, 40.587835 ], [ -111.582924, 40.587617 ], [ -111.583210, 40.587450 ], [ -111.583429, 40.587668 ] ] ] } }
,
{ "type": "Feature", "properties": { "Shape_Leng": 121.920028, "Shape_Area": 929.030831 }, "geometry": { "type": "Polygon", "coordinates": [ [ [ -111.585770, 40.590451 ], [ -111.585484, 40.590618 ], [ -111.585265, 40.590400 ], [ -111.585551, 40.590233 ], [ -111.585770, 40.590451 ] ] ] } }
,
{ "type": "Feature", "properties": { "Shape_Leng": 121.920208, "Shape_Area": 929.033562 }, "geometry": { "type": "Polygon", "coordinates": [ [ [ -111.585551, 40.590233 ], [ -111.585265, 40.590400 ], [ -111.585046, 40.590182 ], [ -111.585332, 40.590015 ], [ -111.585551, 40.590233 ] ] ] } }
,
{ "type": "Feature", "properties": { "Shape_Leng": 121.920188, "Shape_Area": 929.033264 }, "geometry": { "type": "Polygon", "coordinates": [ [ [ -111.585332, 40.590015 ], [ -111.585046, 40.590182 ], [ -111.584827, 40.589964 ], [ -111.585113, 40.589797 ], [ -111.585332, 40.590015 ] ] ] } }
,
{ "type": "Feature", "properties": { "Shape_Leng": 121.919768, "Shape_Area": 929.026860 }, "geometry": { "type": "Polygon", "coordinates": [ [ [ -111.585113, 40.589797 ], [ -111.584827, 40.589964 ], [ -111.584608, 40.589746 ], [ -111.584894, 40.589579 ], [ -111.585113, 40.589797 ] ] ] } }
,
{ "type": "Feature", "properties": { "Shape_Leng": 121.920129, "Shape_Area": 929.032369 }, "geometry": { "type": "Polygon", "coordinates": [ [ [ -111.584894, 40.589579 ], [ -111.584608, 40.589746 ], [ -111.584389, 40.589528 ], [ -111.584675, 40.589361 ], [ -111.584894, 40.589579 ] ] ] } }
,
{ "type": "Feature", "properties": { "Shape_Leng": 121.919908, "Shape_Area": 929.028995 }, "geometry": { "type": "Polygon", "coordinates": [ [ [ -111.584675, 40.589361 ], [ -111.584389, 40.589528 ], [ -111.584170, 40.589310 ], [ -111.584456, 40.589143 ], [ -111.584675, 40.589361 ] ] ] } }
,
{ "type": "Feature", "properties": { "Shape_Leng": 121.920429, "Shape_Area": 929.036936 }, "geometry": { "type": "Polygon", "coordinates": [ [ [ -111.584456, 40.589143 ], [ -111.584170, 40.589310 ], [ -111.583951, 40.589092 ], [ -111.584237, 40.588925 ], [ -111.584456, 40.589143 ] ] ] } }
,
{ "type": "Feature", "properties": { "Shape_Leng": 121.919869, "Shape_Area": 929.028398 }, "geometry": { "type": "Polygon", "coordinates": [ [ [ -111.584237, 40.588925 ], [ -111.583951, 40.589092 ], [ -111.583733, 40.588874 ], [ -111.584019, 40.588707 ], [ -111.584237, 40.588925 ] ] ] } }
,
{ "type": "Feature", "properties": { "Shape_Leng": 121.919908, "Shape_Area": 929.028995 }, "geometry": { "type": "Polygon", "coordinates": [ [ [ -111.584019, 40.588707 ], [ -111.583733, 40.588874 ], [ -111.583514, 40.588656 ], [ -111.583800, 40.588489 ], [ -111.584019, 40.588707 ] ] ] } }
,
{ "type": "Feature", "properties": { "Shape_Leng": 121.919908, "Shape_Area": 929.028995 }, "geometry": { "type": "Polygon", "coordinates": [ [ [ -111.583800, 40.588489 ], [ -111.583514, 40.588656 ], [ -111.583295, 40.588438 ], [ -111.583581, 40.588271 ], [ -111.583800, 40.588489 ] ] ] } }
,
{ "type": "Feature", "properties": { "Shape_Leng": 121.920188, "Shape_Area": 929.033264 }, "geometry": { "type": "Polygon", "coordinates": [ [ [ -111.583581, 40.588271 ], [ -111.583295, 40.588438 ], [ -111.583076, 40.588220 ], [ -111.583362, 40.588053 ], [ -111.583581, 40.588271 ] ] ] } }
,
{ "type": "Feature", "properties": { "Shape_Leng": 121.919829, "Shape_Area": 929.027801 }, "geometry": { "type": "Polygon", "coordinates": [ [ [ -111.583362, 40.588053 ], [ -111.583076, 40.588220 ], [ -111.582857, 40.588001 ], [ -111.583143, 40.587835 ], [ -111.583362, 40.588053 ] ] ] } }
,
{ "type": "Feature", "properties": { "Shape_Leng": 121.919849, "Shape_Area": 929.028100 }, "geometry": { "type": "Polygon", "coordinates": [ [ [ -111.585484, 40.590618 ], [ -111.585197, 40.590785 ], [ -111.584979, 40.590567 ], [ -111.585265, 40.590400 ], [ -111.585484, 40.590618 ] ] ] } }
,
{ "type": "Feature", "properties": { "Shape_Leng": 121.919729, "Shape_Area": 929.026264 }, "geometry": { "type": "Polygon", "coordinates": [ [ [ -111.585265, 40.590400 ], [ -111.584979, 40.590567 ], [ -111.584760, 40.590349 ], [ -111.585046, 40.590182 ], [ -111.585265, 40.590400 ] ] ] } }
,
{ "type": "Feature", "properties": { "Shape_Leng": 121.919748, "Shape_Area": 929.026562 }, "geometry": { "type": "Polygon", "coordinates": [ [ [ -111.585046, 40.590182 ], [ -111.584760, 40.590349 ], [ -111.584541, 40.590131 ], [ -111.584827, 40.589964 ], [ -111.585046, 40.590182 ] ] ] } }
,
{ "type": "Feature", "properties": { "Shape_Leng": 121.919729, "Shape_Area": 929.026264 }, "geometry": { "type": "Polygon", "coordinates": [ [ [ -111.584827, 40.589964 ], [ -111.584541, 40.590131 ], [ -111.584322, 40.589913 ], [ -111.584608, 40.589746 ], [ -111.584827, 40.589964 ] ] ] } }
,
{ "type": "Feature", "properties": { "Shape_Leng": 121.920149, "Shape_Area": 929.032667 }, "geometry": { "type": "Polygon", "coordinates": [ [ [ -111.584608, 40.589746 ], [ -111.584322, 40.589913 ], [ -111.584103, 40.589695 ], [ -111.584389, 40.589528 ], [ -111.584608, 40.589746 ] ] ] } }
,
{ "type": "Feature", "properties": { "Shape_Leng": 121.919768, "Shape_Area": 929.026860 }, "geometry": { "type": "Polygon", "coordinates": [ [ [ -111.584389, 40.589528 ], [ -111.584103, 40.589695 ], [ -111.583884, 40.589477 ], [ -111.584170, 40.589310 ], [ -111.584389, 40.589528 ] ] ] } }
,
{ "type": "Feature", "properties": { "Shape_Leng": 121.920168, "Shape_Area": 929.032965 }, "geometry": { "type": "Polygon", "coordinates": [ [ [ -111.584170, 40.589310 ], [ -111.583884, 40.589477 ], [ -111.583665, 40.589259 ], [ -111.583951, 40.589092 ], [ -111.584170, 40.589310 ] ] ] } }
,
{ "type": "Feature", "properties": { "Shape_Leng": 121.919849, "Shape_Area": 929.028100 }, "geometry": { "type": "Polygon", "coordinates": [ [ [ -111.583951, 40.589092 ], [ -111.583665, 40.589259 ], [ -111.583446, 40.589041 ], [ -111.583733, 40.588874 ], [ -111.583951, 40.589092 ] ] ] } }
,
{ "type": "Feature", "properties": { "Shape_Leng": 121.920208, "Shape_Area": 929.033562 }, "geometry": { "type": "Polygon", "coordinates": [ [ [ -111.583733, 40.588874 ], [ -111.583446, 40.589041 ], [ -111.583228, 40.588823 ], [ -111.583514, 40.588656 ], [ -111.583733, 40.588874 ] ] ] } }
,
{ "type": "Feature", "properties": { "Shape_Leng": 121.920149, "Shape_Area": 929.032667 }, "geometry": { "type": "Polygon", "coordinates": [ [ [ -111.583514, 40.588656 ], [ -111.583228, 40.588823 ], [ -111.583009, 40.588604 ], [ -111.583295, 40.588438 ], [ -111.583514, 40.588656 ] ] ] } }
,
{ "type": "Feature", "properties": { "Shape_Leng": 121.920048, "Shape_Area": 929.031129 }, "geometry": { "type": "Polygon", "coordinates": [ [ [ -111.583295, 40.588438 ], [ -111.583009, 40.588604 ], [ -111.582790, 40.588386 ], [ -111.583076, 40.588220 ], [ -111.583295, 40.588438 ] ] ] } }
,
{ "type": "Feature", "properties": { "Shape_Leng": 121.919849, "Shape_Area": 929.028100 }, "geometry": { "type": "Polygon", "coordinates": [ [ [ -111.585197, 40.590785 ], [ -111.584911, 40.590952 ], [ -111.584693, 40.590734 ], [ -111.584979, 40.590567 ], [ -111.585197, 40.590785 ] ] ] } }
,
{ "type": "Feature", "properties": { "Shape_Leng": 121.920028, "Shape_Area": 929.030831 }, "geometry": { "type": "Polygon", "coordinates": [ [ [ -111.584979, 40.590567 ], [ -111.584693, 40.590734 ], [ -111.584474, 40.590516 ], [ -111.584760, 40.590349 ], [ -111.584979, 40.590567 ] ] ] } }
,
{ "type": "Feature", "properties": { "Shape_Leng": 121.920188, "Shape_Area": 929.033264 }, "geometry": { "type": "Polygon", "coordinates": [ [ [ -111.584760, 40.590349 ], [ -111.584474, 40.590516 ], [ -111.584255, 40.590298 ], [ -111.584541, 40.590131 ], [ -111.584760, 40.590349 ] ] ] } }
,
{ "type": "Feature", "properties": { "Shape_Leng": 121.919869, "Shape_Area": 929.028398 }, "geometry": { "type": "Polygon", "coordinates": [ [ [ -111.584541, 40.590131 ], [ -111.584255, 40.590298 ], [ -111.584036, 40.590080 ], [ -111.584322, 40.589913 ], [ -111.584541, 40.590131 ] ] ] } }
,
{ "type": "Feature", "properties": { "Shape_Leng": 121.920149, "Shape_Area": 929.032667 }, "geometry": { "type": "Polygon", "coordinates": [ [ [ -111.584322, 40.589913 ], [ -111.584036, 40.590080 ], [ -111.583817, 40.589862 ], [ -111.584103, 40.589695 ], [ -111.584322, 40.589913 ] ] ] } }
,
{ "type": "Feature", "properties": { "Shape_Leng": 121.920048, "Shape_Area": 929.031129 }, "geometry": { "type": "Polygon", "coordinates": [ [ [ -111.584103, 40.589695 ], [ -111.583817, 40.589862 ], [ -111.583598, 40.589644 ], [ -111.583884, 40.589477 ], [ -111.584103, 40.589695 ] ] ] } }
,
{ "type": "Feature", "properties": { "Shape_Leng": 121.920048, "Shape_Area": 929.031129 }, "geometry": { "type": "Polygon", "coordinates": [ [ [ -111.583884, 40.589477 ], [ -111.583598, 40.589644 ], [ -111.583379, 40.589426 ], [ -111.583665, 40.589259 ], [ -111.583884, 40.589477 ] ] ] } }
,
{ "type": "Feature", "properties": { "Shape_Leng": 121.920028, "Shape_Area": 929.030831 }, "geometry": { "type": "Polygon", "coordinates": [ [ [ -111.583665, 40.589259 ], [ -111.583379, 40.589426 ], [ -111.583160, 40.589207 ], [ -111.583446, 40.589041 ], [ -111.583665, 40.589259 ] ] ] } }
,
{ "type": "Feature", "properties": { "Shape_Leng": 121.919869, "Shape_Area": 929.028398 }, "geometry": { "type": "Polygon", "coordinates": [ [ [ -111.583446, 40.589041 ], [ -111.583160, 40.589207 ], [ -111.582942, 40.588989 ], [ -111.583228, 40.588823 ], [ -111.583446, 40.589041 ] ] ] } }
,
{ "type": "Feature", "properties": { "Shape_Leng": 121.919989, "Shape_Area": 929.030234 }, "geometry": { "type": "Polygon", "coordinates": [ [ [ -111.583228, 40.588823 ], [ -111.582942, 40.588989 ], [ -111.582723, 40.588771 ], [ -111.583009, 40.588604 ], [ -111.583228, 40.588823 ] ] ] } }
,
{ "type": "Feature", "properties": { "Shape_Leng": 121.919927, "Shape_Area": 929.029293 }, "geometry": { "type": "Polygon", "coordinates": [ [ [ -111.584911, 40.590952 ], [ -111.584625, 40.591119 ], [ -111.584406, 40.590901 ], [ -111.584693, 40.590734 ], [ -111.584911, 40.590952 ] ] ] } }
,
{ "type": "Feature", "properties": { "Shape_Leng": 121.920308, "Shape_Area": 929.035100 }, "geometry": { "type": "Polygon", "coordinates": [ [ [ -111.584693, 40.590734 ], [ -111.584406, 40.590901 ], [ -111.584188, 40.590683 ], [ -111.584474, 40.590516 ], [ -111.584693, 40.590734 ] ] ] } }
,
{ "type": "Feature", "properties": { "Shape_Leng": 121.919869, "Shape_Area": 929.028398 }, "geometry": { "type": "Polygon", "coordinates": [ [ [ -111.584474, 40.590516 ], [ -111.584188, 40.590683 ], [ -111.583969, 40.590465 ], [ -111.584255, 40.590298 ], [ -111.584474, 40.590516 ] ] ] } }
,
{ "type": "Feature", "properties": { "Shape_Leng": 121.919507, "Shape_Area": 929.022890 }, "geometry": { "type": "Polygon", "coordinates": [ [ [ -111.584255, 40.590298 ], [ -111.583969, 40.590465 ], [ -111.583750, 40.590247 ], [ -111.584036, 40.590080 ], [ -111.584255, 40.590298 ] ] ] } }
,
{ "type": "Feature", "properties": { "Shape_Leng": 121.919888, "Shape_Area": 929.028696 }, "geometry": { "type": "Polygon", "coordinates": [ [ [ -111.584036, 40.590080 ], [ -111.583750, 40.590247 ], [ -111.583531, 40.590028 ], [ -111.583817, 40.589862 ], [ -111.584036, 40.590080 ] ] ] } }
,
{ "type": "Feature", "properties": { "Shape_Leng": 121.920188, "Shape_Area": 929.033264 }, "geometry": { "type": "Polygon", "coordinates": [ [ [ -111.583817, 40.589862 ], [ -111.583531, 40.590028 ], [ -111.583312, 40.589810 ], [ -111.583598, 40.589644 ], [ -111.583817, 40.589862 ] ] ] } }
,
{ "type": "Feature", "properties": { "Shape_Leng": 121.919849, "Shape_Area": 929.028100 }, "geometry": { "type": "Polygon", "coordinates": [ [ [ -111.583598, 40.589644 ], [ -111.583312, 40.589810 ], [ -111.583093, 40.589592 ], [ -111.583379, 40.589426 ], [ -111.583598, 40.589644 ] ] ] } }
,
{ "type": "Feature", "properties": { "Shape_Leng": 121.919927, "Shape_Area": 929.029293 }, "geometry": { "type": "Polygon", "coordinates": [ [ [ -111.583379, 40.589426 ], [ -111.583093, 40.589592 ], [ -111.582874, 40.589374 ], [ -111.583160, 40.589207 ], [ -111.583379, 40.589426 ] ] ] } }
,
{ "type": "Feature", "properties": { "Shape_Leng": 121.920009, "Shape_Area": 929.030533 }, "geometry": { "type": "Polygon", "coordinates": [ [ [ -111.583160, 40.589207 ], [ -111.582874, 40.589374 ], [ -111.582655, 40.589156 ], [ -111.582942, 40.588989 ], [ -111.583160, 40.589207 ] ] ] } }
,
{ "type": "Feature", "properties": { "Shape_Leng": 121.920188, "Shape_Area": 929.033264 }, "geometry": { "type": "Polygon", "coordinates": [ [ [ -111.582942, 40.588989 ], [ -111.582655, 40.589156 ], [ -111.582437, 40.588938 ], [ -111.582723, 40.588771 ], [ -111.582942, 40.588989 ] ] ] } }
,
{ "type": "Feature", "properties": { "Shape_Leng": 121.919748, "Shape_Area": 929.026562 }, "geometry": { "type": "Polygon", "coordinates": [ [ [ -111.584625, 40.591119 ], [ -111.584339, 40.591286 ], [ -111.584120, 40.591068 ], [ -111.584406, 40.590901 ], [ -111.584625, 40.591119 ] ] ] } }
,
{ "type": "Feature", "properties": { "Shape_Leng": 121.920188, "Shape_Area": 929.033264 }, "geometry": { "type": "Polygon", "coordinates": [ [ [ -111.584406, 40.590901 ], [ -111.584120, 40.591068 ], [ -111.583902, 40.590850 ], [ -111.584188, 40.590683 ], [ -111.584406, 40.590901 ] ] ] } }
,
{ "type": "Feature", "properties": { "Shape_Leng": 121.920129, "Shape_Area": 929.032369 }, "geometry": { "type": "Polygon", "coordinates": [ [ [ -111.584188, 40.590683 ], [ -111.583902, 40.590850 ], [ -111.583683, 40.590631 ], [ -111.583969, 40.590465 ], [ -111.584188, 40.590683 ] ] ] } }
,
{ "type": "Feature", "properties": { "Shape_Leng": 121.920208, "Shape_Area": 929.033562 }, "geometry": { "type": "Polygon", "coordinates": [ [ [ -111.583969, 40.590465 ], [ -111.583683, 40.590631 ], [ -111.583464, 40.590413 ], [ -111.583750, 40.590247 ], [ -111.583969, 40.590465 ] ] ] } }
,
{ "type": "Feature", "properties": { "Shape_Leng": 121.919989, "Shape_Area": 929.030234 }, "geometry": { "type": "Polygon", "coordinates": [ [ [ -111.583750, 40.590247 ], [ -111.583464, 40.590413 ], [ -111.583245, 40.590195 ], [ -111.583531, 40.590028 ], [ -111.583750, 40.590247 ] ] ] } }
,
{ "type": "Feature", "properties": { "Shape_Leng": 121.920028, "Shape_Area": 929.030831 }, "geometry": { "type": "Polygon", "coordinates": [ [ [ -111.583531, 40.590028 ], [ -111.583245, 40.590195 ], [ -111.583026, 40.589977 ], [ -111.583312, 40.589810 ], [ -111.583531, 40.590028 ] ] ] } }
,
{ "type": "Feature", "properties": { "Shape_Leng": 121.919989, "Shape_Area": 929.030234 }, "geometry": { "type": "Polygon", "coordinates": [ [ [ -111.583312, 40.589810 ], [ -111.583026, 40.589977 ], [ -111.582807, 40.589759 ], [ -111.583093, 40.589592 ], [ -111.583312, 40.589810 ] ] ] } }
,
{ "type": "Feature", "properties": { "Shape_Leng": 121.920308, "Shape_Area": 929.035100 }, "geometry": { "type": "Polygon", "coordinates": [ [ [ -111.583093, 40.589592 ], [ -111.582807, 40.589759 ], [ -111.582588, 40.589541 ], [ -111.582874, 40.589374 ], [ -111.583093, 40.589592 ] ] ] } }
,
{ "type": "Feature", "properties": { "Shape_Leng": 121.919768, "Shape_Area": 929.026860 }, "geometry": { "type": "Polygon", "coordinates": [ [ [ -111.582874, 40.589374 ], [ -111.582588, 40.589541 ], [ -111.582369, 40.589323 ], [ -111.582655, 40.589156 ], [ -111.582874, 40.589374 ] ] ] } }
,
{ "type": "Feature", "properties": { "Shape_Leng": 121.919908, "Shape_Area": 929.028995 }, "geometry": { "type": "Polygon", "coordinates": [ [ [ -111.584339, 40.591286 ], [ -111.584053, 40.591453 ], [ -111.583834, 40.591234 ], [ -111.584120, 40.591068 ], [ -111.584339, 40.591286 ] ] ] } }
,
{ "type": "Feature", "properties": { "Shape_Leng": 121.919908, "Shape_Area": 929.028995 }, "geometry": { "type": "Polygon", "coordinates": [ [ [ -111.584120, 40.591068 ], [ -111.583834, 40.591234 ], [ -111.583615, 40.591016 ], [ -111.583902, 40.590850 ], [ -111.584120, 40.591068 ] ] ] } }
,
{ "type": "Feature", "properties": { "Shape_Leng": 121.919869, "Shape_Area": 929.028398 }, "geometry": { "type": "Polygon", "coordinates": [ [ [ -111.583902, 40.590850 ], [ -111.583615, 40.591016 ], [ -111.583397, 40.590798 ], [ -111.583683, 40.590631 ], [ -111.583902, 40.590850 ] ] ] } }
,
{ "type": "Feature", "properties": { "Shape_Leng": 121.919869, "Shape_Area": 929.028398 }, "geometry": { "type": "Polygon", "coordinates": [ [ [ -111.583683, 40.590631 ], [ -111.583397, 40.590798 ], [ -111.583178, 40.590580 ], [ -111.583464, 40.590413 ], [ -111.583683, 40.590631 ] ] ] } }
,
{ "type": "Feature", "properties": { "Shape_Leng": 121.919888, "Shape_Area": 929.028697 }, "geometry": { "type": "Polygon", "coordinates": [ [ [ -111.583464, 40.590413 ], [ -111.583178, 40.590580 ], [ -111.582959, 40.590362 ], [ -111.583245, 40.590195 ], [ -111.583464, 40.590413 ] ] ] } }
,
{ "type": "Feature", "properties": { "Shape_Leng": 121.920067, "Shape_Area": 929.031428 }, "geometry": { "type": "Polygon", "coordinates": [ [ [ -111.583245, 40.590195 ], [ -111.582959, 40.590362 ], [ -111.582740, 40.590144 ], [ -111.583026, 40.589977 ], [ -111.583245, 40.590195 ] ] ] } }
,
{ "type": "Feature", "properties": { "Shape_Leng": 121.919908, "Shape_Area": 929.028995 }, "geometry": { "type": "Polygon", "coordinates": [ [ [ -111.583026, 40.589977 ], [ -111.582740, 40.590144 ], [ -111.582521, 40.589926 ], [ -111.582807, 40.589759 ], [ -111.583026, 40.589977 ] ] ] } }
,
{ "type": "Feature", "properties": { "Shape_Leng": 121.920168, "Shape_Area": 929.032965 }, "geometry": { "type": "Polygon", "coordinates": [ [ [ -111.582807, 40.589759 ], [ -111.582521, 40.589926 ], [ -111.582302, 40.589708 ], [ -111.582588, 40.589541 ], [ -111.582807, 40.589759 ] ] ] } }
,
{ "type": "Feature", "properties": { "Shape_Leng": 121.920067, "Shape_Area": 929.031428 }, "geometry": { "type": "Polygon", "coordinates": [ [ [ -111.584053, 40.591453 ], [ -111.583767, 40.591619 ], [ -111.583548, 40.591401 ], [ -111.583834, 40.591234 ], [ -111.584053, 40.591453 ] ] ] } }
,
{ "type": "Feature", "properties": { "Shape_Leng": 121.919989, "Shape_Area": 929.030234 }, "geometry": { "type": "Polygon", "coordinates": [ [ [ -111.583834, 40.591234 ], [ -111.583548, 40.591401 ], [ -111.583329, 40.591183 ], [ -111.583615, 40.591016 ], [ -111.583834, 40.591234 ] ] ] } }
,
{ "type": "Feature", "properties": { "Shape_Leng": 121.920028, "Shape_Area": 929.030831 }, "geometry": { "type": "Polygon", "coordinates": [ [ [ -111.583615, 40.591016 ], [ -111.583329, 40.591183 ], [ -111.583111, 40.590965 ], [ -111.583397, 40.590798 ], [ -111.583615, 40.591016 ] ] ] } }
,
{ "type": "Feature", "properties": { "Shape_Leng": 121.920009, "Shape_Area": 929.030533 }, "geometry": { "type": "Polygon", "coordinates": [ [ [ -111.583397, 40.590798 ], [ -111.583111, 40.590965 ], [ -111.582892, 40.590747 ], [ -111.583178, 40.590580 ], [ -111.583397, 40.590798 ] ] ] } }
,
{ "type": "Feature", "properties": { "Shape_Leng": 121.920168, "Shape_Area": 929.032966 }, "geometry": { "type": "Polygon", "coordinates": [ [ [ -111.583178, 40.590580 ], [ -111.582892, 40.590747 ], [ -111.582673, 40.590529 ], [ -111.582959, 40.590362 ], [ -111.583178, 40.590580 ] ] ] } }
,
{ "type": "Feature", "properties": { "Shape_Leng": 121.919729, "Shape_Area": 929.026264 }, "geometry": { "type": "Polygon", "coordinates": [ [ [ -111.582959, 40.590362 ], [ -111.582673, 40.590529 ], [ -111.582454, 40.590311 ], [ -111.582740, 40.590144 ], [ -111.582959, 40.590362 ] ] ] } }
,
{ "type": "Feature", "properties": { "Shape_Leng": 121.919709, "Shape_Area": 929.025965 }, "geometry": { "type": "Polygon", "coordinates": [ [ [ -111.582740, 40.590144 ], [ -111.582454, 40.590311 ], [ -111.582235, 40.590093 ], [ -111.582521, 40.589926 ], [ -111.582740, 40.590144 ] ] ] } }
,
{ "type": "Feature", "properties": { "Shape_Leng": 121.920168, "Shape_Area": 929.032965 }, "geometry": { "type": "Polygon", "coordinates": [ [ [ -111.583548, 40.591401 ], [ -111.583262, 40.591568 ], [ -111.583043, 40.591350 ], [ -111.583329, 40.591183 ], [ -111.583548, 40.591401 ] ] ] } }
,
{ "type": "Feature", "properties": { "Shape_Leng": 121.920149, "Shape_Area": 929.032667 }, "geometry": { "type": "Polygon", "coordinates": [ [ [ -111.583329, 40.591183 ], [ -111.583043, 40.591350 ], [ -111.582824, 40.591132 ], [ -111.583111, 40.590965 ], [ -111.583329, 40.591183 ] ] ] } }
,
{ "type": "Feature", "properties": { "Shape_Leng": 121.919869, "Shape_Area": 929.028398 }, "geometry": { "type": "Polygon", "coordinates": [ [ [ -111.583111, 40.590965 ], [ -111.582824, 40.591132 ], [ -111.582606, 40.590914 ], [ -111.582892, 40.590747 ], [ -111.583111, 40.590965 ] ] ] } }
,
{ "type": "Feature", "properties": { "Shape_Leng": 121.919888, "Shape_Area": 929.028696 }, "geometry": { "type": "Polygon", "coordinates": [ [ [ -111.582892, 40.590747 ], [ -111.582606, 40.590914 ], [ -111.582387, 40.590696 ], [ -111.582673, 40.590529 ], [ -111.582892, 40.590747 ] ] ] } }
,
{ "type": "Feature", "properties": { "Shape_Leng": 121.920067, "Shape_Area": 929.031428 }, "geometry": { "type": "Polygon", "coordinates": [ [ [ -111.582673, 40.590529 ], [ -111.582387, 40.590696 ], [ -111.582168, 40.590478 ], [ -111.582454, 40.590311 ], [ -111.582673, 40.590529 ] ] ] } }
,
{ "type": "Feature", "properties": { "Shape_Leng": 121.919908, "Shape_Area": 929.028995 }, "geometry": { "type": "Polygon", "coordinates": [ [ [ -111.583043, 40.591350 ], [ -111.582757, 40.591517 ], [ -111.582538, 40.591299 ], [ -111.582824, 40.591132 ], [ -111.583043, 40.591350 ] ] ] } }
,
{ "type": "Feature", "properties": { "Shape_Leng": 121.920087, "Shape_Area": 929.031726 }, "geometry": { "type": "Polygon", "coordinates": [ [ [ -111.582824, 40.591132 ], [ -111.582538, 40.591299 ], [ -111.582320, 40.591081 ], [ -111.582606, 40.590914 ], [ -111.582824, 40.591132 ] ] ] } }
,
{ "type": "Feature", "properties": { "Shape_Leng": 121.920129, "Shape_Area": 929.032369 }, "geometry": { "type": "Polygon", "coordinates": [ [ [ -111.582606, 40.590914 ], [ -111.582320, 40.591081 ], [ -111.582101, 40.590863 ], [ -111.582387, 40.590696 ], [ -111.582606, 40.590914 ] ] ] } }
,
{ "type": "Feature", "properties": { "Shape_Leng": 121.919908, "Shape_Area": 929.028995 }, "geometry": { "type": "Polygon", "coordinates": [ [ [ -111.585921, 40.591054 ], [ -111.585635, 40.591221 ], [ -111.585416, 40.591003 ], [ -111.585702, 40.590836 ], [ -111.585921, 40.591054 ] ] ] } }
,
{ "type": "Feature", "properties": { "Shape_Leng": 121.919908, "Shape_Area": 929.028995 }, "geometry": { "type": "Polygon", "coordinates": [ [ [ -111.585702, 40.590836 ], [ -111.585416, 40.591003 ], [ -111.585197, 40.590785 ], [ -111.585484, 40.590618 ], [ -111.585702, 40.590836 ] ] ] } }
,
{ "type": "Feature", "properties": { "Shape_Leng": 121.920308, "Shape_Area": 929.035100 }, "geometry": { "type": "Polygon", "coordinates": [ [ [ -111.585416, 40.591003 ], [ -111.585130, 40.591170 ], [ -111.584911, 40.590952 ], [ -111.585197, 40.590785 ], [ -111.585416, 40.591003 ] ] ] } }
,
{ "type": "Feature", "properties": { "Shape_Leng": 121.920009, "Shape_Area": 929.030533 }, "geometry": { "type": "Polygon", "coordinates": [ [ [ -111.586561, 40.590336 ], [ -111.586275, 40.590503 ], [ -111.586056, 40.590285 ], [ -111.586342, 40.590118 ], [ -111.586561, 40.590336 ] ] ] } }
,
{ "type": "Feature", "properties": { "Shape_Leng": 121.920067, "Shape_Area": 929.031428 }, "geometry": { "type": "Polygon", "coordinates": [ [ [ -111.586493, 40.590721 ], [ -111.586207, 40.590888 ], [ -111.585988, 40.590669 ], [ -111.586275, 40.590503 ], [ -111.586493, 40.590721 ] ] ] } }
,
{ "type": "Feature", "properties": { "Shape_Leng": 121.920129, "Shape_Area": 929.032369 }, "geometry": { "type": "Polygon", "coordinates": [ [ [ -111.586275, 40.590503 ], [ -111.585988, 40.590669 ], [ -111.585770, 40.590451 ], [ -111.586056, 40.590285 ], [ -111.586275, 40.590503 ] ] ] } }
,
{ "type": "Feature", "properties": { "Shape_Leng": 121.919967, "Shape_Area": 929.029890 }, "geometry": { "type": "Polygon", "coordinates": [ [ [ -111.584558, 40.591504 ], [ -111.584272, 40.591671 ], [ -111.584053, 40.591453 ], [ -111.584339, 40.591286 ], [ -111.584558, 40.591504 ] ] ] } }
,
{ "type": "Feature", "properties": { "Shape_Leng": 121.919908, "Shape_Area": 929.028995 }, "geometry": { "type": "Polygon", "coordinates": [ [ [ -111.586426, 40.591106 ], [ -111.586140, 40.591272 ], [ -111.585921, 40.591054 ], [ -111.586207, 40.590888 ], [ -111.586426, 40.591106 ] ] ] } }
,
{ "type": "Feature", "properties": { "Shape_Leng": 121.919888, "Shape_Area": 929.028697 }, "geometry": { "type": "Polygon", "coordinates": [ [ [ -111.586207, 40.590888 ], [ -111.585921, 40.591054 ], [ -111.585702, 40.590836 ], [ -111.585988, 40.590669 ], [ -111.586207, 40.590888 ] ] ] } }
,
{ "type": "Feature", "properties": { "Shape_Leng": 121.919888, "Shape_Area": 929.028697 }, "geometry": { "type": "Polygon", "coordinates": [ [ [ -111.585988, 40.590669 ], [ -111.585702, 40.590836 ], [ -111.585484, 40.590618 ], [ -111.585770, 40.590451 ], [ -111.585988, 40.590669 ] ] ] } }
,
{ "type": "Feature", "properties": { "Shape_Leng": 121.919869, "Shape_Area": 929.028398 }, "geometry": { "type": "Polygon", "coordinates": [ [ [ -111.583210, 40.587450 ], [ -111.582924, 40.587617 ], [ -111.582705, 40.587398 ], [ -111.582991, 40.587232 ], [ -111.583210, 40.587450 ] ] ] } }
,
{ "type": "Feature", "properties": { "Shape_Leng": 121.919869, "Shape_Area": 929.028398 }, "geometry": { "type": "Polygon", "coordinates": [ [ [ -111.583009, 40.588604 ], [ -111.582723, 40.588771 ], [ -111.582504, 40.588553 ], [ -111.582790, 40.588386 ], [ -111.583009, 40.588604 ] ] ] } }
,
{ "type": "Feature", "properties": { "Shape_Leng": 121.919869, "Shape_Area": 929.028398 }, "geometry": { "type": "Polygon", "coordinates": [ [ [ -111.583076, 40.588220 ], [ -111.582790, 40.588386 ], [ -111.582571, 40.588168 ], [ -111.582857, 40.588001 ], [ -111.583076, 40.588220 ] ] ] } }

]
}
