{
"type": "FeatureCollection",
"features": [
{ "type": "Feature", "properties": { "Name": "Valparaiso", "Shape_Leng": 1251.742619, "Phase": "Phase 5", "Acres": 19.122229, "Shape_Le_1": 1251.742619, "Shape_Area": 77384.913528 }, "geometry": { "type": "Polygon", "coordinates": [ [ [ -111.582847, 40.572927 ], [ -111.582319, 40.574296 ], [ -111.577250, 40.572959 ], [ -111.577848, 40.571379 ], [ -111.582847, 40.572927 ] ] ] } }
,
{ "type": "Feature", "properties": { "Name": "Relief", "Shape_Leng": 1288.590111, "Phase": "Phase 5", "Acres": 20.902714, "Shape_Le_1": 1288.590111, "Shape_Area": 84590.282534 }, "geometry": { "type": "Polygon", "coordinates": [ [ [ -111.585364, 40.583567 ], [ -111.582877, 40.579908 ], [ -111.584763, 40.579093 ], [ -111.587290, 40.582792 ], [ -111.587291, 40.582790 ], [ -111.587291, 40.582790 ], [ -111.585364, 40.583567 ] ] ] } }
,
{ "type": "Feature", "properties": { "Name": "Magnet", "Shape_Leng": 678.356056, "Phase": "Phase 5", "Acres": 6.528477, "Shape_Le_1": 678.356056, "Shape_Area": 26419.809917 }, "geometry": { "type": "Polygon", "coordinates": [ [ [ -111.587789, 40.584792 ], [ -111.586056, 40.586221 ], [ -111.585165, 40.585320 ], [ -111.586864, 40.583915 ], [ -111.587789, 40.584792 ] ] ] } }
,
{ "type": "Feature", "properties": { "Name": "Jack Mine", "Shape_Leng": 663.525536, "Phase": "Phase 5", "Acres": 6.323411, "Shape_Le_1": 663.525536, "Shape_Area": 25589.934687 }, "geometry": { "type": "Polygon", "coordinates": [ [ [ -111.586862, 40.583923 ], [ -111.588220, 40.582807 ], [ -111.589177, 40.583750 ], [ -111.588929, 40.583884 ], [ -111.589177, 40.584109 ], [ -111.588041, 40.585044 ], [ -111.586862, 40.583908 ], [ -111.586862, 40.583923 ] ] ] } }
,
{ "type": "Feature", "properties": { "Name": "Legget", "Shape_Leng": 1285.347748, "Phase": "Phase 5", "Acres": 20.858284, "Shape_Le_1": 1285.347748, "Shape_Area": 84410.479876 }, "geometry": { "type": "Polygon", "coordinates": [ [ [ -111.587263, 40.581150 ], [ -111.588854, 40.582296 ], [ -111.585171, 40.585309 ], [ -111.583578, 40.584196 ], [ -111.587263, 40.581150 ] ] ] } }

]
}
